x,y,z,n_true_modes,covered@0.1
-0.55065864,0.009524778,0.74132335,3,1.0
0.22952102,-0.19886944,0.91567683,2,1.0
-0.014118541,-0.4797111,1.2121241,4,1.0
0.3393056,-0.08576171,1.0159643,2,1.0
0.005390813,0.46229964,1.0510535,4,0.75
-0.0618518,-0.5249181,0.68944716,4,1.0
-0.51415074,-0.29021868,1.3718295,2,0.5
0.34498003,0.36154687,1.009498,4,1.0
-0.4139701,-0.31173104,0.98660916,4,1.0
0.34477508,0.30347642,1.1355416,8,0.75
0.26022625,-0.34832102,1.0432428,8,0.75
-0.11881944,-0.37202546,0.8668511,4,1.0
-0.33074266,0.27887854,1.1266364,8,1.0
0.41408396,-0.1213663,1.2754982,8,0.875
0.15926474,-0.42229116,1.094876,4,1.0
0.47923073,0.02842581,0.7147624,2,1.0
0.32254618,0.16692373,0.7482165,6,1.0
0.44088194,0.35319263,0.6931654,6,1.0
0.24420986,0.5081795,1.1235414,4,1.0
0.30537543,-0.20550168,0.70165354,4,1.0
0.05131219,0.43677467,1.1008582,8,0.875
0.23751403,0.27638075,1.0218979,8,0.875
-0.23180948,-0.21861131,1.0720292,8,0.75
0.10764309,-0.48771474,0.8391972,8,1.0
0.40671167,-0.26793945,1.0020133,4,1.0
0.35641465,0.15252934,1.0037657,4,1.0
-0.21589744,-0.33499715,1.3537376,5,1.0
0.2625245,0.21876048,1.2063533,6,0.6666666666666666
0.41357216,-0.046980202,1.0631617,4,1.0
-0.25716957,0.27364177,0.8250533,8,0.875
-0.55534375,0.06415024,0.9260846,6,0.8333333333333334
-0.035669427,0.3262216,0.9031232,6,1.0
0.46918756,-0.2440782,1.3700372,4,1.0
-0.09239848,-0.37705696,1.2798797,5,1.0
0.29381144,0.18074471,1.3615388,8,0.75
-0.27651194,-0.38575482,0.7713626,4,1.0
0.18347539,-0.43206403,0.93391067,4,1.0
0.48219568,0.17789301,0.70216507,2,1.0
0.42211798,0.19399382,1.0973843,4,1.0
0.34826684,-0.38091075,0.8521437,3,1.0
-0.11811776,0.4193957,1.0789523,8,0.75
0.28539258,-0.33980644,1.3036996,8,0.75
0.57494795,0.025725858,1.092351,4,1.0
-0.37470663,0.31907743,0.6911487,4,1.0
0.23186807,-0.21686965,1.3107729,5,0.8
-0.20828861,0.32248306,0.6835359,4,0.75
-0.27942628,0.29632103,1.1200749,4,1.0
-0.5604275,0.013857486,0.9967945,8,0.75
0.49478975,0.19085406,0.7487541,4,1.0
-0.15211213,-0.45578748,1.0406597,8,1.0
0.5005583,-0.10901232,0.6671422,2,1.0
-0.17880939,0.5353231,0.7424735,3,1.0
0.15757565,-0.40111703,1.2042394,6,1.0
0.045780722,-0.58338726,1.1889179,4,0.75
0.18687217,0.38492373,0.7449019,8,0.875
0.48002663,-0.27509415,1.1016908,4,1.0
-0.107097924,-0.4830772,0.8422468,8,0.875
0.18506679,0.23871104,0.67240477,3,1.0
-0.3872314,0.25640157,1.083717,4,1.0
-0.09285052,0.57378906,0.9494217,6,1.0
0.51654464,-0.21264869,0.9291452,4,1.0
0.4936004,-0.23188172,0.9165435,8,0.875
-0.34743,-0.16619635,1.3059126,8,0.75
0.4870862,0.12013851,0.71816975,2,1.0
0.36439347,0.33724016,1.0859189,6,0.6666666666666666
-0.069579005,0.52730334,1.2593914,4,1.0
0.2563383,0.43896472,1.3812407,8,0.75
0.38753787,0.43411732,1.2158829,8,0.625
-0.16738558,0.4645905,1.3651264,4,1.0
0.10479838,0.5118675,1.0748078,4,1.0
0.22694682,-0.2575804,0.94732344,6,0.8333333333333334
0.20916758,-0.333414,1.3654045,5,0.8
0.18021064,0.40356636,1.0119042,2,1.0
0.2594824,0.411377,1.2107811,8,0.5
0.242744,-0.2504328,1.1616976,6,1.0
0.43489444,0.25397345,1.1532853,6,1.0
0.47417375,-0.2815474,0.9967572,4,1.0
-0.31422746,0.419325,0.7312649,4,1.0
-0.52822363,-0.24610771,1.13321,8,0.75
0.23385882,0.52727073,1.3498483,4,1.0
-0.3591932,-0.34996808,1.2687287,8,0.75
0.3974923,-0.1273928,1.122962,8,0.875
0.14313225,-0.46373573,1.0432571,6,1.0
0.432232,-0.18626478,1.2546704,8,0.625
-0.074141145,0.47047654,1.3659586,4,1.0
-0.13175562,-0.55199856,1.1269867,8,0.75
-0.32209852,0.19211029,1.1131402,4,1.0
0.52961147,0.000700338,0.9875263,8,1.0
0.42669457,0.38981962,1.1816994,8,0.625
-0.114102826,-0.46867624,1.2748747,4,1.0
-0.28269204,0.2858815,0.82025206,3,1.0
-0.043153048,-0.44344714,1.0248863,8,1.0
-0.4544547,-0.011025815,1.3106371,8,0.875
-0.37447292,-0.1564876,1.3486834,8,0.75
-0.41842577,0.36290717,0.7311986,6,0.8333333333333334
0.4668671,0.18756911,1.1231076,6,1.0
-0.4281272,0.10198138,0.761229,2,1.0
-0.015683109,-0.48916626,0.79684,3,1.0
-0.3999691,0.35010573,1.3486173,4,0.5
0.14219613,0.51720804,1.3535279,8,0.625
0.22011094,0.5131343,0.9118564,4,0.75
-0.046241302,-0.2969905,0.9002639,4,0.75
-0.37036937,0.004004348,0.9399906,4,1.0
0.51494724,0.20249699,1.2000507,4,1.0
-0.31523886,0.3546927,1.3133591,8,0.875
-0.2926126,0.3335247,0.7494815,4,1.0
0.4734369,0.14586872,0.89631146,8,0.75
-0.3622271,-0.1958178,1.201118,6,0.8333333333333334
0.03435017,-0.35622814,1.0088252,4,0.75
0.4705574,-0.3243798,1.0398159,6,0.8333333333333334
0.5129063,-0.27460057,0.8453709,8,0.875
0.3945005,-0.020371385,1.2719359,8,0.75
-0.37222782,-0.08653317,1.1710579,4,1.0
-0.20913938,-0.54052484,1.1385646,4,1.0
0.45861328,-0.2405144,1.3865917,4,1.0
-0.5659071,-0.0015202926,0.867066,3,1.0
-0.43452445,0.36069474,1.297974,4,1.0
0.0517257,0.42950523,1.1922088,8,0.75
-0.41649523,-0.3890089,1.3886424,4,1.0
-0.43708798,-0.33189914,0.71394366,4,1.0
0.43863478,-0.12809977,0.9657519,2,1.0
0.067653835,0.5056249,0.98158103,4,0.75
-0.48923242,-0.1847594,0.70808053,6,1.0
-0.13854039,0.5216618,1.2703575,8,0.875
-0.5630326,0.019859686,0.7789239,3,1.0
0.26217142,0.46885052,1.1004218,4,1.0
0.2805709,-0.41417938,1.3523012,8,0.875
0.42728135,0.26076812,0.96328723,3,1.0
0.2786949,-0.50677466,0.89500386,8,1.0
0.08458786,-0.5419637,1.1589152,8,0.75
0.5814214,0.06545239,1.0131829,8,0.875
-0.52395594,0.074511535,0.7691813,4,1.0
-0.48791027,-0.24076132,1.0628359,6,0.8333333333333334
0.39753956,-0.16167845,1.2429079,6,0.8333333333333334
0.5969602,-0.054960698,1.2945381,4,0.5
-0.32353774,0.059967138,0.82872826,6,0.8333333333333334
0.5681772,0.095197625,1.3743112,8,0.875
-0.22331952,-0.30465764,1.1878089,8,0.875
0.4892394,-0.11361282,0.97857225,4,0.75
-0.50805616,-0.12514967,0.98347056,6,0.8333333333333334
-0.10204957,-0.5893343,1.0208547,4,1.0
0.2112806,-0.4717019,0.68250847,6,0.6666666666666666
0.3898937,0.36976227,1.1894515,8,0.875
-0.5326288,0.15721999,0.72924423,6,0.8333333333333334
0.53715265,0.06940229,1.197239,4,1.0
0.49632308,-0.075429514,1.098604,4,1.0
-0.46656024,-0.24663095,1.2589428,4,0.75
-0.0011133646,0.5292573,0.82684517,8,0.75
0.5702848,-0.12509,1.3810529,4,0.75
0.2584167,-0.23593464,0.69487745,3,1.0
-0.34093714,-0.20347174,1.0446267,8,0.875
-0.31619748,-0.32430577,0.8026681,8,1.0
0.2905341,-0.087091886,1.333011,8,0.5
-0.1736907,0.26261896,0.68790734,3,1.0
0.3155329,-0.4404433,1.0000503,4,1.0
0.34229678,-0.16167308,1.1065856,8,0.75
-0.23215333,0.22290453,0.7900709,3,1.0
-0.34687814,0.39622173,0.775854,4,0.75
-0.42565566,-0.105744794,0.8476899,3,1.0
0.44886428,-0.23422849,1.0923854,4,1.0
0.38945454,0.33458126,1.204483,6,0.8333333333333334
-0.48466763,-0.207584,0.7458643,4,1.0
0.23274949,0.32636994,0.8204741,3,1.0
0.24349529,0.44633496,0.7695328,8,0.75
-0.33534616,0.3977291,1.2365829,8,0.875
-0.17330061,-0.2799677,0.77613443,4,1.0
0.45283282,-0.2644769,1.2374084,4,1.0
0.56102616,-0.015964322,1.288858,8,0.875
0.48958293,-0.06008383,0.98441845,8,0.75
-0.45351523,0.22818643,0.7629348,3,1.0
0.5013363,-0.27330726,1.219183,8,0.875
-0.37900314,0.27913326,0.8652794,8,0.5
-0.3305421,0.15551725,0.68191725,4,1.0
-0.015727857,0.3942784,1.3509432,8,0.5
-0.41838723,-0.053383086,1.2988323,5,1.0
0.22480148,-0.5446184,0.92496055,6,0.8333333333333334
-0.5154702,0.16121411,1.0556986,6,0.8333333333333334
-0.17392734,0.33156303,1.0450622,8,0.875
-0.26726606,0.46033087,0.9569541,8,0.875
0.12628658,0.3681843,0.7738202,3,1.0
0.33317596,0.15576796,1.3704587,8,0.75
0.4330375,0.30899814,0.8385544,4,0.75
0.36869884,-0.031800836,1.1370358,8,0.625
-0.13741574,-0.5711825,1.2412765,4,1.0
0.17485087,-0.44889563,0.78178626,2,1.0
0.09581689,0.42602926,0.7530089,2,1.0
0.052815676,0.40584883,1.1965885,8,0.5
-0.22561578,0.28521144,1.1034167,8,0.875
-0.052185982,-0.3872387,1.3715953,8,0.75
-0.38454,-0.33056793,0.9928417,4,1.0
0.38107795,0.0023116935,1.0202901,8,0.75
0.58317536,-0.048733115,1.3727655,4,0.75
-0.43564588,0.00057520135,0.7838638,3,1.0
0.44469258,0.06146721,1.1251405,8,0.625
0.5112768,0.24100664,0.67538214,3,1.0
-0.47294387,0.084195286,1.056629,4,1.0
-0.40783337,-0.11572985,0.65892214,4,0.75
0.34935367,0.056962796,1.3833021,5,0.8
-0.42138556,0.41363037,1.0296134,4,1.0
0.43237248,-0.28030655,0.71036446,6,0.8333333333333334
