latent,layers,width,beta,lr,batch,seed,epochs,eval_targets,n_samples,mode_eps,clip,sched,eval_every,spike,spike_after,save_after,epoch,checkpoint,mse,kl,gnorm,gnorm_med,gnorm_max,n_clipped,n_spikes,beta_now,val_mse,val_kl,val_loss,dP_mm,dR_deg,feas_pct,cov_pct@0.1,cov_pct@0.25
2,3,256,0.01,0.001,512,0,250,200,16,"[0.1, 0.25]",1.0,False,10,10.0,20,0,1,False,0.006741098424097684,13.302853749066879,0.05634194915027913,0.0446772538125515,0.3719012439250946,0,0,0.00013333333333333334,0.00047639600234106183,8.50565242767334,0.0016104829926975072,nan,nan,nan,nan,nan
2,3,256,0.01,0.001,512,0,250,200,16,"[0.1, 0.25]",1.0,False,10,10.0,20,0,2,False,0.0005498296706780777,6.3983471068400295,0.0194564328763556,0.018103623762726784,0.055883344262838364,0,0,0.0002666666666666667,0.00044664109009318054,5.459846019744873,0.0019026000286918134,nan,nan,nan,nan,nan
2,3,256,0.01,0.001,512,0,250,200,16,"[0.1, 0.25]",1.0,False,10,10.0,20,0,3,False,0.00047957038282324556,4.664094869081194,0.014040464271404636,0.013719014823436737,0.04479321837425232,0,0,0.0004,0.00043179080239497125,4.212861061096191,0.002116935226833448,nan,nan,nan,nan,nan
2,3,256,0.01,0.001,512,0,250,200,16,"[0.1, 0.25]",1.0,False,10,10.0,20,0,4,False,0.0004355139986696899,3.98861166764524,0.014848662150866642,0.013696420937776566,0.07205583900213242,0,0,0.0005333333333333334,0.0004049432754982263,4.020997524261475,0.0025494752884376794,nan,nan,nan,nan,nan
2,3,256,0.01,0.001,512,0,250,200,16,"[0.1, 0.25]",1.0,False,10,10.0,20,0,5,False,0.0004002999820801889,3.7449724398242616,0.01700859663500523,0.014081509783864021,0.16185249388217926,0,0,0.0006666666666666666,0.0003452013188507408,3.6580703258514404,0.0027839148694183678,nan,nan,nan,nan,nan
2,3,256,0.01,0.001,512,0,250,200,16,"[0.1, 0.25]",1.0,False,10,10.0,20,0,6,False,0.00037299660720702165,3.6274471642407216,0.01912045041077777,0.014028169214725494,0.20063918828964233,0,0,0.0008,0.0003492098767310381,3.6110241413116455,0.0032380291897803545,nan,nan,nan,nan,nan
2,3,256,0.01,0.001,512,0,250,200,16,"[0.1, 0.25]",1.0,False,10,10.0,20,0,7,False,0.00035956643929275383,3.5616539781296894,0.02046116309707609,0.013675415888428688,0.2071729451417923,0,0,0.0009333333333333334,0.00036585592897608876,3.6191205978393555,0.003743701820292821,nan,nan,nan,nan,nan
2,3,256,0.01,0.001,512,0,250,200,16,"[0.1, 0.25]",1.0,False,10,10.0,20,0,8,False,0.0003633003763890741,3.5023289148294747,0.021535161748812436,0.013467785902321339,0.2380448281764984,0,0,0.0010666666666666667,0.0003299154050182551,3.426406145095825,0.003984748626453802,nan,nan,nan,nan,nan
2,3,256,0.01,0.001,512,0,250,200,16,"[0.1, 0.25]",1.0,False,10,10.0,20,0,9,False,0.00036981525726572615,3.4452673032821433,0.022524435015356788,0.013420620933175087,0.2844189405441284,0,0,0.0012,0.0002648222725838423,3.454636335372925,0.004410385875031351,nan,nan,nan,nan,nan
2,3,256,0.01,0.001,512,0,250,200,16,"[0.1, 0.25]",1.0,False,10,10.0,20,0,10,False,0.00036763151161402875,3.3949749543523713,0.023385835750842108,0.013370409607887268,0.34590014815330505,0,0,0.0013333333333333333,0.00041563421837054193,3.335397958755493,0.0048628314967112,97.59049239745987,16.016605543731565,83.25,79.85833333333335,85.4875
2,3,256,0.01,0.001,512,0,250,200,16,"[0.1, 0.25]",1.0,False,10,10.0,20,0,11,False,0.0003949854921928122,3.3512981154037456,0.023857685706500556,0.013372834771871567,0.23684756457805634,0,0,0.0014666666666666667,0.00043793951044790447,3.2973875999450684,0.005274107990367338,nan,nan,nan,nan,nan
2,3,256,0.01,0.001,512,0,250,200,16,"[0.1, 0.25]",1.0,False,10,10.0,20,0,12,False,0.00041649517322219247,3.309658379696978,0.024281403815711738,0.013562117703258991,0.28866812586784363,0,0,0.0016,0.0002921802515629679,3.3874523639678955,0.005712104033911601,nan,nan,nan,nan,nan
2,3,256,0.01,0.001,512,0,250,200,16,"[0.1, 0.25]",1.0,False,10,10.0,20,0,13,False,0.00043885124375003977,3.274745877488008,0.024496450822246663,0.01365836150944233,0.319322794675827,0,0,0.0017333333333333335,0.0004495612229220569,3.298046827316284,0.0061661757236036166,nan,nan,nan,nan,nan
2,3,256,0.01,0.001,512,0,250,200,16,"[0.1, 0.25]",1.0,False,10,10.0,20,0,14,False,0.00046172429390173194,3.2257773543621355,0.0245361243780791,0.013960574753582478,0.3063364326953888,0,0,0.0018666666666666669,0.00038365376531146467,3.2724030017852783,0.006492139368643985,nan,nan,nan,nan,nan
2,3,256,0.01,0.001,512,0,250,200,16,"[0.1, 0.25]",1.0,False,10,10.0,20,0,15,False,0.00048398391704669797,3.173546914868136,0.024747966119890195,0.014419235289096832,0.2104356437921524,0,0,0.002,0.0006845345487818122,3.0791780948638916,0.006842890738509595,nan,nan,nan,nan,nan
2,3,256,0.01,0.001,512,0,250,200,16,"[0.1, 0.25]",1.0,False,10,10.0,20,0,16,False,0.0004928413265362507,3.1441607900876423,0.025052089759220523,0.014566558413207531,0.21652022004127502,0,0,0.0021333333333333334,0.0004616962105501443,3.1791012287139893,0.007243778831806655,nan,nan,nan,nan,nan
2,3,256,0.01,0.001,512,0,250,200,16,"[0.1, 0.25]",1.0,False,10,10.0,20,0,17,False,0.0005383805406284988,3.124050233526211,0.025759541911244015,0.014967677183449268,4.101711750030518,1,0,0.0022666666666666664,0.00038103695260360837,3.1448042392730713,0.007509259894955903,nan,nan,nan,nan,nan
2,3,256,0.01,0.001,512,0,250,200,16,"[0.1, 0.25]",1.0,False,10,10.0,20,0,18,False,0.0005436648698174675,3.096690101388147,0.02542958394179457,0.015085047110915184,0.24194833636283875,0,0,0.0024,0.0009618106414563954,3.021625280380249,0.008213711314368991,nan,nan,nan,nan,nan
2,3,256,0.01,0.001,512,0,250,200,16,"[0.1, 0.25]",1.0,False,10,10.0,20,0,19,False,0.0005680771806718111,3.072839668255272,0.025842912845892362,0.015469217672944069,0.24759934842586517,0,0,0.0025333333333333336,0.0004267338081263006,3.0588181018829346,0.008175739666229736,nan,nan,nan,nan,nan
2,3,256,0.01,0.001,512,0,250,200,16,"[0.1, 0.25]",1.0,False,10,10.0,20,0,20,False,0.0005900251377221311,3.0523682318109504,0.026151658321814,0.016151929274201393,0.26401203870773315,0,0,0.0026666666666666666,0.0009850719943642616,2.9526519775390625,0.008858810601135095,58.06386160724177,9.661998937748773,89.90625,84.62916666666666,88.26666666666667
2,3,256,0.01,0.001,512,0,250,200,16,"[0.1, 0.25]",1.0,False,10,10.0,20,0,21,False,0.0006175190952925852,3.0368131710727257,0.026789341059918374,0.016681348904967308,0.30345842242240906,0,1,0.0028000000000000004,0.0007598352967761457,2.9721906185150146,0.009081969028618188,nan,nan,nan,nan,nan
2,3,256,0.01,0.001,512,0,250,200,16,"[0.1, 0.25]",1.0,False,10,10.0,20,0,22,False,0.0006391196079274823,3.0224170746779566,0.027033720035025667,0.016923056915402412,0.40833377838134766,0,2,0.0029333333333333334,0.0005488799652084708,3.01239013671875,0.009385224366250137,nan,nan,nan,nan,nan
2,3,256,0.01,0.001,512,0,250,200,16,"[0.1, 0.25]",1.0,False,10,10.0,20,0,23,False,0.000649464064590161,3.0082175817556918,0.02740766071327573,0.01716976799070835,0.23778052628040314,0,2,0.0030666666666666663,0.0006616645259782672,2.9831061363220215,0.0098098566773658,nan,nan,nan,nan,nan
2,3,256,0.01,0.001,512,0,250,200,16,"[0.1, 0.25]",1.0,False,10,10.0,20,0,24,False,0.0006851102593131312,2.988505134042152,0.027652438314290068,0.017910676077008247,0.2398870587348938,0,2,0.0032,0.0006654945318587124,2.9616451263427734,0.010142758936155587,nan,nan,nan,nan,nan
2,3,256,0.01,0.001,512,0,250,200,16,"[0.1, 0.25]",1.0,False,10,10.0,20,0,25,False,0.0006914652682708976,2.976583918350879,0.02788050038582015,0.01835469715297222,0.3222288191318512,0,3,0.003333333333333333,0.0006930409581400454,2.938878059387207,0.010489301156097402,nan,nan,nan,nan,nan
2,3,256,0.01,0.001,512,0,250,200,16,"[0.1, 0.25]",1.0,False,10,10.0,20,0,26,False,0.0007184019778479991,2.9650491079168892,0.028291381847063184,0.01862751692533493,0.4071555733680725,0,4,0.003466666666666667,0.0010135093471035361,2.9189648628234863,0.011132587538224957,nan,nan,nan,nan,nan
2,3,256,0.01,0.001,512,0,250,200,16,"[0.1, 0.25]",1.0,False,10,10.0,20,0,27,False,0.0007371278606351866,2.9543616387402154,0.028707167072495834,0.018867138773202896,1.6446079015731812,1,6,0.0036,0.000818413682281971,2.930405855178833,0.01136787476092577,nan,nan,nan,nan,nan
2,3,256,0.01,0.001,512,0,250,200,16,"[0.1, 0.25]",1.0,False,10,10.0,20,0,28,False,0.0007663139888790997,2.939867941572825,0.02899465085047046,0.019237365573644638,0.19337859749794006,0,6,0.0037333333333333337,0.0008683578344061971,3.003727674484253,0.012082274485814075,nan,nan,nan,nan,nan
2,3,256,0.01,0.001,512,0,250,200,16,"[0.1, 0.25]",1.0,False,10,10.0,20,0,29,False,0.018402588233759173,2.9966079841885116,0.38669046808062035,0.019822033122181892,1289.4071044921875,10,16,0.0038666666666666667,0.0007021716446615756,2.9493792057037354,0.01210643790671602,nan,nan,nan,nan,nan
2,3,256,0.01,0.001,512,0,250,200,16,"[0.1, 0.25]",1.0,False,10,10.0,20,0,30,False,0.0008050006990990193,2.92485263970617,0.029859635392360626,0.020543383434414864,0.21599549055099487,0,16,0.004,0.0007433658465743065,2.9444756507873535,0.01252126844972372,54.69972035790618,9.767030198119475,91.90625,84.24166666666666,87.79999999999998
2,3,256,0.01,0.001,512,0,250,200,16,"[0.1, 0.25]",1.0,False,10,10.0,20,0,31,False,0.0008445289055966437,2.9118570826167636,0.030090490846118582,0.020668599754571915,0.33051779866218567,0,17,0.0041333333333333335,0.0008087384048849344,2.9200146198272705,0.012878132166837654,nan,nan,nan,nan,nan
2,3,256,0.01,0.001,512,0,250,200,16,"[0.1, 0.25]",1.0,False,10,10.0,20,0,32,False,0.0008673431229124837,2.9030440008222573,0.030448393072163963,0.021409638226032257,0.295093834400177,0,17,0.004266666666666667,0.001181738218292594,2.8358242511749268,0.013281255023305615,nan,nan,nan,nan,nan
2,3,256,0.01,0.001,512,0,250,200,16,"[0.1, 0.25]",1.0,False,10,10.0,20,0,33,False,0.0008803426368270739,2.897502375607814,0.030974830516758808,0.022050641477108,0.275129109621048,0,17,0.0044,0.0008500150870531797,2.887812614440918,0.01355639059059322,nan,nan,nan,nan,nan
2,3,256,0.01,0.001,512,0,250,200,16,"[0.1, 0.25]",1.0,False,10,10.0,20,0,34,False,0.0009099071041095548,2.890001920884391,0.0310312587560512,0.022008581086993217,0.3255878984928131,0,18,0.004533333333333333,0.0007984978146851063,2.8930957317352295,0.013913865131884811,nan,nan,nan,nan,nan
2,3,256,0.01,0.001,512,0,250,200,16,"[0.1, 0.25]",1.0,False,10,10.0,20,0,35,False,0.0009426275176709101,2.883247984829852,0.031665906649711646,0.022997792810201645,0.3140418529510498,0,18,0.004666666666666667,0.0007829424575902522,2.9278528690338135,0.014446255846414716,nan,nan,nan,nan,nan
2,3,256,0.01,0.001,512,0,250,200,16,"[0.1, 0.25]",1.0,False,10,10.0,20,0,36,False,0.0009561185750993341,2.8773722500166,0.031850411103718695,0.023451652377843857,0.22538788616657257,0,18,0.0048,0.0009084439370781183,2.892763376235962,0.014793708143010734,nan,nan,nan,nan,nan
2,3,256,0.01,0.001,512,0,250,200,16,"[0.1, 0.25]",1.0,False,10,10.0,20,0,37,False,0.0009853297603841077,2.8636186452857415,0.0319025714812201,0.023826327174901962,0.3500368893146515,0,19,0.004933333333333334,0.0007977940258570015,2.92122220993042,0.015209156928180407,nan,nan,nan,nan,nan
2,3,256,0.01,0.001,512,0,250,200,16,"[0.1, 0.25]",1.0,False,10,10.0,20,0,38,False,0.0009932645899291474,2.8613895426489946,0.032406541604443034,0.024264832958579063,0.45236995816230774,0,21,0.005066666666666667,0.0011719086905941367,2.8414740562438965,0.015568710575563215,nan,nan,nan,nan,nan
2,3,256,0.01,0.001,512,0,250,200,16,"[0.1, 0.25]",1.0,False,10,10.0,20,0,39,False,0.0010450400491086348,2.8522400209839356,0.03251098548025224,0.024387260898947716,0.5861595869064331,0,22,0.005200000000000001,0.001049861777573824,2.8327479362487793,0.01578015104606748,nan,nan,nan,nan,nan
2,3,256,0.01,0.001,512,0,250,200,16,"[0.1, 0.25]",1.0,False,10,10.0,20,0,40,False,0.0010626751744806891,2.846932232290143,0.03280767259270987,0.024767683818936348,0.4370294213294983,0,23,0.005333333333333333,0.0007835020660422742,2.8744914531707764,0.016114123149619748,52.25815952366745,9.074112959501278,92.75,85.22916666666667,89.28750000000001
2,3,256,0.01,0.001,512,0,250,200,16,"[0.1, 0.25]",1.0,False,10,10.0,20,0,41,False,0.0010782366194487941,2.8388880818327182,0.033093539292090565,0.02543441765010357,0.2582276165485382,0,23,0.0054666666666666665,0.0009917485294863582,2.8415050506591797,0.016525309473089875,nan,nan,nan,nan,nan
2,3,256,0.01,0.001,512,0,250,200,16,"[0.1, 0.25]",1.0,False,10,10.0,20,0,42,False,0.0011264242941423032,2.834980417159509,0.03317693183891286,0.025641361251473427,0.33076053857803345,0,24,0.005600000000000001,0.0011563906446099281,2.8110337257385254,0.016898179508745673,nan,nan,nan,nan,nan
2,3,256,0.01,0.001,512,0,250,200,16,"[0.1, 0.25]",1.0,False,10,10.0,20,0,43,False,0.0011284932307791158,2.826343699272417,0.033527225112845026,0.025920849293470383,0.23261934518814087,0,24,0.005733333333333333,0.0014168474590405822,2.768357515335083,0.017288763880295058,nan,nan,nan,nan,nan
2,3,256,0.01,0.001,512,0,250,200,16,"[0.1, 0.25]",1.0,False,10,10.0,20,0,44,False,0.0011579914253520276,2.82158603777947,0.033953049787473134,0.026830727234482765,0.21792468428611755,0,24,0.005866666666666667,0.0011177415726706386,2.820955991744995,0.01766735005757461,nan,nan,nan,nan,nan
2,3,256,0.01,0.001,512,0,250,200,16,"[0.1, 0.25]",1.0,False,10,10.0,20,0,45,False,0.0011817463034030672,2.813272794584827,0.034076675474927605,0.026945175603032112,0.62641841173172,0,25,0.006,0.0010149439331144094,2.8533689975738525,0.018135157918557524,nan,nan,nan,nan,nan
2,3,256,0.01,0.001,512,0,250,200,16,"[0.1, 0.25]",1.0,False,10,10.0,20,0,46,False,0.0011904609018054295,2.8104885648176534,0.034277506216607606,0.02729048766195774,0.21422071754932404,0,25,0.006133333333333333,0.0013682689750567079,2.7676119804382324,0.0183429557884112,nan,nan,nan,nan,nan
2,3,256,0.01,0.001,512,0,250,200,16,"[0.1, 0.25]",1.0,False,10,10.0,20,0,47,False,0.001258240668990451,2.801895976990459,0.03475663741007693,0.027366138994693756,2.4132447242736816,1,26,0.006266666666666667,0.0009010995272547007,2.8487837314605713,0.018753477577740946,nan,nan,nan,nan,nan
2,3,256,0.01,0.001,512,0,250,200,16,"[0.1, 0.25]",1.0,False,10,10.0,20,0,48,False,0.0012790442325404498,2.7957950914914,0.03482850820849207,0.02780338190495968,0.2386309653520584,0,26,0.0064,0.001099591376259923,2.8143301010131836,0.0191113040227443,nan,nan,nan,nan,nan
2,3,256,0.01,0.001,512,0,250,200,16,"[0.1, 0.25]",1.0,False,10,10.0,20,0,49,False,0.0012836742146063761,2.7909786139454997,0.03473235333012185,0.027993448078632355,0.19969306886196136,0,26,0.006533333333333334,0.000956014555413276,2.820629835128784,0.01938412947825467,nan,nan,nan,nan,nan
2,3,256,0.01,0.001,512,0,250,200,16,"[0.1, 0.25]",1.0,False,10,10.0,20,0,50,False,0.0013379335867306323,2.781740413469105,0.035131118612764495,0.028440460562705994,0.23284029960632324,0,26,0.006666666666666666,0.0016232836060225964,2.725938558578491,0.019796207329879204,58.96683739293081,9.976451765901748,93.125,85.33333333333334,89.45416666666667
2,3,256,0.01,0.001,512,0,250,200,16,"[0.1, 0.25]",1.0,False,10,10.0,20,0,51,False,0.0013557702028924828,2.7755959418297094,0.035427691064661725,0.028621457517147064,1.8993993997573853,2,28,0.0068000000000000005,0.0012645329115912318,2.82198166847229,0.020454008257202807,nan,nan,nan,nan,nan
2,3,256,0.01,0.001,512,0,250,200,16,"[0.1, 0.25]",1.0,False,10,10.0,20,0,52,False,0.0013790580923840634,2.7739292646856843,0.03561202887093929,0.028864959254860878,0.3603256642818451,0,29,0.006933333333333334,0.001404274720698595,2.7654857635498047,0.020578309347977244,nan,nan,nan,nan,nan
2,3,256,0.01,0.001,512,0,250,200,16,"[0.1, 0.25]",1.0,False,10,10.0,20,0,53,False,0.0013965313565545284,2.76906448257377,0.03647807615248093,0.02966533787548542,3.863581418991089,1,30,0.007066666666666666,0.0013258116086944938,2.776496410369873,0.02094638624197493,nan,nan,nan,nan,nan
2,3,256,0.01,0.001,512,0,250,200,16,"[0.1, 0.25]",1.0,False,10,10.0,20,0,54,False,0.0014648535539409026,2.7570211242498055,0.03570085072022097,0.029146980494260788,0.45066338777542114,0,31,0.0072,0.001043987926095724,2.868518590927124,0.021697321780771016,nan,nan,nan,nan,nan
2,3,256,0.01,0.001,512,0,250,200,16,"[0.1, 0.25]",1.0,False,10,10.0,20,0,55,False,0.001453765298369527,2.756203386764845,0.035941262622274546,0.029621627181768417,0.29012447595596313,0,31,0.007333333333333333,0.0011158317793160677,2.7987546920776367,0.02164003285455207,nan,nan,nan,nan,nan
2,3,256,0.01,0.001,512,0,250,200,16,"[0.1, 0.25]",1.0,False,10,10.0,20,0,56,False,0.0014904219665037549,2.746785130559843,0.03623533609102792,0.03019879199564457,0.33093324303627014,0,31,0.0074666666666666675,0.0016456288285553455,2.727273941040039,0.02200927425498764,nan,nan,nan,nan,nan
2,3,256,0.01,0.001,512,0,250,200,16,"[0.1, 0.25]",1.0,False,10,10.0,20,0,57,False,0.0015048800925968788,2.745158546583824,0.03653059440468998,0.03041456639766693,0.24144381284713745,0,31,0.0076,0.0018017074326053262,2.692016363143921,0.022261031792499126,nan,nan,nan,nan,nan
2,3,256,0.01,0.001,512,0,250,200,16,"[0.1, 0.25]",1.0,False,10,10.0,20,0,58,False,0.0015538828164285677,2.738422688387529,0.03679987088603627,0.030665719881653786,0.9401048421859741,0,33,0.007733333333333333,0.001955197425559163,2.6977288722991943,0.022817634038006265,nan,nan,nan,nan,nan
2,3,256,0.01,0.001,512,0,250,200,16,"[0.1, 0.25]",1.0,False,10,10.0,20,0,59,False,0.00258389534816345,2.7317646611578708,0.1462811059389917,0.030765753239393234,928.7529907226562,1,34,0.007866666666666666,0.0016760838916525245,2.7165629863739014,0.023046379384460546,nan,nan,nan,nan,nan
2,3,256,0.01,0.001,512,0,250,200,16,"[0.1, 0.25]",1.0,False,10,10.0,20,0,60,False,0.0016158267580035667,2.7248704189580515,0.03689421958781836,0.031232818961143494,0.24089157581329346,0,34,0.008,0.0014490245375782251,2.7398386001586914,0.023367733338847757,52.54880828612956,8.870316094110313,93.3125,86.6875,90.1
2,3,256,0.01,0.001,512,0,250,200,16,"[0.1, 0.25]",1.0,False,10,10.0,20,0,61,False,0.0016289108799972683,2.722384432358583,0.03704851979370338,0.031107064336538315,0.2385830283164978,0,34,0.008133333333333334,0.00147120316978544,2.7300920486450195,0.02367595183209827,nan,nan,nan,nan,nan
2,3,256,0.01,0.001,512,0,250,200,16,"[0.1, 0.25]",1.0,False,10,10.0,20,0,62,False,0.0016833863260078902,2.717054528360971,0.03755759640434958,0.031444650143384933,2.376845598220825,1,36,0.008266666666666667,0.001332704327069223,2.7570509910583496,0.02412432585315158,nan,nan,nan,nan,nan
2,3,256,0.01,0.001,512,0,250,200,16,"[0.1, 0.25]",1.0,False,10,10.0,20,0,63,False,0.35519953116209735,2.7363076172526264,12.396990802345265,0.03152599558234215,77755.09375,4,42,0.0084,0.0015565389767289162,2.715440511703491,0.02436623927503824,nan,nan,nan,nan,nan
2,3,256,0.01,0.001,512,0,250,200,16,"[0.1, 0.25]",1.0,False,10,10.0,20,0,64,False,0.0017118653011335167,2.707397972299649,0.037562555493984615,0.03165688365697861,0.2694755494594574,0,42,0.008533333333333334,0.0016446165973320603,2.712212562561035,0.024788830464519563,nan,nan,nan,nan,nan
2,3,256,0.01,0.001,512,0,250,200,16,"[0.1, 0.25]",1.0,False,10,10.0,20,0,65,False,0.0017540932500217034,2.702133470363002,0.03769175419481625,0.032060276716947556,0.261467307806015,0,42,0.008666666666666668,0.0019179024966433644,2.6796650886535645,0.025141666598307594,nan,nan,nan,nan,nan
2,3,256,0.01,0.001,512,0,250,200,16,"[0.1, 0.25]",1.0,False,10,10.0,20,0,66,False,0.0017770590894530562,2.69888347809311,0.03764813664079862,0.03193657472729683,0.4020824432373047,0,43,0.0088,0.0020115335937589407,2.657566785812378,0.025398121308907867,nan,nan,nan,nan,nan
2,3,256,0.01,0.001,512,0,250,200,16,"[0.1, 0.25]",1.0,False,10,10.0,20,0,67,False,0.0018093968281430214,2.6955276659863294,0.03782745164615085,0.03237823396921158,0.20453058183193207,0,43,0.008933333333333333,0.0019820674788206816,2.660842180252075,0.025752257622405884,nan,nan,nan,nan,nan
2,3,256,0.01,0.001,512,0,250,200,16,"[0.1, 0.25]",1.0,False,10,10.0,20,0,68,False,0.0018352721181683338,2.688191877063998,0.03816203216608295,0.03234267979860306,0.8140736222267151,0,44,0.009066666666666666,0.001449046190828085,2.7260499000549316,0.02616523195132613,nan,nan,nan,nan,nan
2,3,256,0.01,0.001,512,0,250,200,16,"[0.1, 0.25]",1.0,False,10,10.0,20,0,69,False,0.001872539256463082,2.683513643582273,0.038058980987234994,0.03235483169555664,0.19340799748897552,0,44,0.0092,0.002098000142723322,2.6690638065338135,0.026653387162834406,nan,nan,nan,nan,nan
2,3,256,0.01,0.001,512,0,250,200,16,"[0.1, 0.25]",1.0,False,10,10.0,20,0,70,False,0.0018939694542529975,2.6822803315207384,0.038586169373721856,0.03260931745171547,3.4225070476531982,1,46,0.009333333333333334,0.0020056506618857384,2.6563632488250732,0.026798374317586426,53.53155562135583,9.050450409363863,94.59375,85.71666666666667,89.81666666666666
2,3,256,0.01,0.001,512,0,250,200,16,"[0.1, 0.25]",1.0,False,10,10.0,20,0,71,False,0.0019356458252725484,2.6768388935159337,0.038247821453437116,0.03265345096588135,0.2668769061565399,0,46,0.009466666666666667,0.0020426816772669554,2.66426944732666,0.027264432445292672,nan,nan,nan,nan,nan
2,3,256,0.01,0.001,512,0,250,200,16,"[0.1, 0.25]",1.0,False,10,10.0,20,0,72,False,0.0019264877137760471,2.6735927343402173,0.03862700512608734,0.032875508069992065,1.1539822816848755,1,47,0.0096,0.001818594173528254,2.677616596221924,0.027523713497258722,nan,nan,nan,nan,nan
2,3,256,0.01,0.001,512,0,250,200,16,"[0.1, 0.25]",1.0,False,10,10.0,20,0,73,False,0.0020119573963506255,2.6672884339435217,0.03861048733685927,0.03331476077437401,0.22115252912044525,0,47,0.009733333333333333,0.0017888994188979268,2.671511173248291,0.02779160817184796,nan,nan,nan,nan,nan
2,3,256,0.01,0.001,512,0,250,200,16,"[0.1, 0.25]",1.0,False,10,10.0,20,0,74,False,0.0020151287207800274,2.6630233992598695,0.0383526080360099,0.033461447805166245,0.21625368297100067,0,47,0.009866666666666668,0.0016830709064379334,2.6917455196380615,0.028241626700200143,nan,nan,nan,nan,nan
2,3,256,0.01,0.001,512,0,250,200,16,"[0.1, 0.25]",1.0,False,10,10.0,20,0,75,False,0.002053685785284085,2.6588660599026985,0.038483501287756114,0.03307197615504265,0.1990242302417755,0,47,0.01,0.002216850873082876,2.6251144409179688,0.028467995282262563,nan,nan,nan,nan,nan
2,3,256,0.01,0.001,512,0,250,200,16,"[0.1, 0.25]",1.0,False,10,10.0,20,0,76,False,0.002051353308399666,2.656662031534101,0.03848358563179504,0.033592578023672104,0.41707903146743774,0,48,0.01,0.002134738489985466,2.6384315490722656,0.02851905398070812,nan,nan,nan,nan,nan
2,3,256,0.01,0.001,512,0,250,200,16,"[0.1, 0.25]",1.0,False,10,10.0,20,0,77,False,0.00202603367635806,2.6550747312167515,0.038387224602579206,0.03331120312213898,0.4098939895629883,0,50,0.01,0.0018382433336228132,2.693425416946411,0.028772497503086924,nan,nan,nan,nan,nan
2,3,256,0.01,0.001,512,0,250,200,16,"[0.1, 0.25]",1.0,False,10,10.0,20,0,78,False,0.002040931638557941,2.6524513891550403,0.03823592728658695,0.033048588782548904,0.2778424918651581,0,50,0.01,0.001772528514266014,2.676039218902588,0.028532920703291893,nan,nan,nan,nan,nan
2,3,256,0.01,0.001,512,0,250,200,16,"[0.1, 0.25]",1.0,False,10,10.0,20,0,79,False,0.0022461515176852615,2.6520944580766095,0.062156871204877645,0.03286261856555939,203.23780822753906,1,51,0.01,0.0016298332484439015,2.695404052734375,0.028583873775787652,nan,nan,nan,nan,nan
2,3,256,0.01,0.001,512,0,250,200,16,"[0.1, 0.25]",1.0,False,10,10.0,20,0,80,False,0.0020515453021794344,2.648585081453168,0.03776879795967443,0.032754894345998764,0.20399077236652374,0,51,0.01,0.001897118054330349,2.6624503135681152,0.028521621190011504,54.935677596870995,9.715367304684264,94.0625,83.75833333333333,89.925
2,3,256,0.01,0.001,512,0,250,200,16,"[0.1, 0.25]",1.0,False,10,10.0,20,0,81,False,0.0020293610423346375,2.647409558867149,0.0377067684347417,0.032545123249292374,0.32214832305908203,0,51,0.01,0.0025023415219038725,2.619192361831665,0.028694265140220523,nan,nan,nan,nan,nan
2,3,256,0.01,0.001,512,0,250,200,16,"[0.1, 0.25]",1.0,False,10,10.0,20,0,82,False,0.004125346406398189,2.6447264041997616,0.10978422418087593,0.032562319189310074,610.0878295898438,2,53,0.01,0.0018416730454191566,2.6629421710968018,0.028471094756387174,nan,nan,nan,nan,nan
2,3,256,0.01,0.001,512,0,250,200,16,"[0.1, 0.25]",1.0,False,10,10.0,20,0,83,False,0.002027177243589033,2.6471896713966863,0.03782845264353775,0.03285880386829376,0.21650521457195282,0,53,0.01,0.002135633723810315,2.6312789916992188,0.028448423640802502,nan,nan,nan,nan,nan
2,3,256,0.01,0.001,512,0,250,200,16,"[0.1, 0.25]",1.0,False,10,10.0,20,0,84,False,0.0020529216022322013,2.641009679644763,0.03755178571848229,0.03261919692158699,1.294753909111023,1,54,0.01,0.00279558589681983,2.5953500270843506,0.028749086167663335,nan,nan,nan,nan,nan
2,3,256,0.01,0.001,512,0,250,200,16,"[0.1, 0.25]",1.0,False,10,10.0,20,0,85,False,0.0020360615347864344,2.6443044552302144,0.03779532051741611,0.03274549916386604,0.440977543592453,0,55,0.01,0.002009265124797821,2.6560628414154053,0.028569893538951875,nan,nan,nan,nan,nan
2,3,256,0.01,0.001,512,0,250,200,16,"[0.1, 0.25]",1.0,False,10,10.0,20,0,86,False,0.002036969992078932,2.641186319561239,0.03752130242847465,0.03249697759747505,0.4519307613372803,0,56,0.01,0.0021637920290231705,2.6282057762145996,0.028445849791169167,nan,nan,nan,nan,nan
2,3,256,0.01,0.001,512,0,250,200,16,"[0.1, 0.25]",1.0,False,10,10.0,20,0,87,False,0.0021104653382757006,2.6401522415328733,0.060989728726771095,0.03244856372475624,198.22422790527344,1,57,0.01,0.0022313736844807863,2.642782688140869,0.028659200565889477,nan,nan,nan,nan,nan
2,3,256,0.01,0.001,512,0,250,200,16,"[0.1, 0.25]",1.0,False,10,10.0,20,0,88,False,0.002044838811209259,2.6360781176272368,0.0372186976415944,0.03225238248705864,0.1898900270462036,0,57,0.01,0.0021772850304841995,2.6302151679992676,0.028479436710476876,nan,nan,nan,nan,nan
2,3,256,0.01,0.001,512,0,250,200,16,"[0.1, 0.25]",1.0,False,10,10.0,20,0,89,False,0.0020472595839609044,2.6358347335857144,0.037503906633300096,0.032303761690855026,0.24795055389404297,0,57,0.01,0.0016247470630332828,2.682664155960083,0.028451388622634112,nan,nan,nan,nan,nan
2,3,256,0.01,0.001,512,0,250,200,16,"[0.1, 0.25]",1.0,False,10,10.0,20,0,90,False,0.0020558557387197894,2.6366933840542788,0.04009470683736173,0.032359231263399124,23.39754295349121,1,58,0.01,0.0018586530350148678,2.6412980556488037,0.028271633591502907,51.26659857670734,8.905911158913034,94.125,85.57499999999999,89.8875
2,3,256,0.01,0.001,512,0,250,200,16,"[0.1, 0.25]",1.0,False,10,10.0,20,0,91,False,0.002038146416834315,2.634652017096771,0.03763079817331927,0.032749734818935394,0.5953354239463806,0,59,0.01,0.0021221849601715803,2.620744228363037,0.02832962724380195,nan,nan,nan,nan,nan
2,3,256,0.01,0.001,512,0,250,200,16,"[0.1, 0.25]",1.0,False,10,10.0,20,0,92,False,0.0020456747117486816,2.6327040716200725,0.0376746162878317,0.03283759579062462,1.88953697681427,1,60,0.01,0.002043497283011675,2.6406149864196777,0.028449647147208452,nan,nan,nan,nan,nan
2,3,256,0.01,0.001,512,0,250,200,16,"[0.1, 0.25]",1.0,False,10,10.0,20,0,93,False,0.003474175629193163,2.6326739937651253,0.07400879757032928,0.03233042359352112,308.4981994628906,1,61,0.01,0.0021942509338259697,2.6148669719696045,0.028342920653522015,nan,nan,nan,nan,nan
2,3,256,0.01,0.001,512,0,250,200,16,"[0.1, 0.25]",1.0,False,10,10.0,20,0,94,False,0.0020404450616229703,2.6288344383957027,0.03748642264710417,0.03227553144097328,0.2482791393995285,0,61,0.01,0.0021748505532741547,2.612426519393921,0.028299115747213364,nan,nan,nan,nan,nan
2,3,256,0.01,0.001,512,0,250,200,16,"[0.1, 0.25]",1.0,False,10,10.0,20,0,95,False,0.002077244602539105,2.6339146195082797,0.045651280397444136,0.03217771649360657,55.37518310546875,2,63,0.01,0.001990215852856636,2.6336355209350586,0.028326571062207224,nan,nan,nan,nan,nan
2,3,256,0.01,0.001,512,0,250,200,16,"[0.1, 0.25]",1.0,False,10,10.0,20,0,96,False,0.0020131599840878633,2.629627474820826,0.03706947994640084,0.032069768756628036,0.21757012605667114,0,63,0.01,0.0017066282453015447,2.6647417545318604,0.028354045790620147,nan,nan,nan,nan,nan
2,3,256,0.01,0.001,512,0,250,200,16,"[0.1, 0.25]",1.0,False,10,10.0,20,0,97,False,0.0020106922294886444,2.630088341830907,0.03743076031771253,0.03220665827393532,0.3894844055175781,0,64,0.01,0.0021960826124995947,2.6041300296783447,0.028237382909283043,nan,nan,nan,nan,nan
2,3,256,0.01,0.001,512,0,250,200,16,"[0.1, 0.25]",1.0,False,10,10.0,20,0,98,False,1.5494416903502706,2.632239804399083,14.872157997658272,0.03253328055143356,124471.109375,2,67,0.01,0.0018294076435267925,2.657304525375366,0.028402452897280456,nan,nan,nan,nan,nan
2,3,256,0.01,0.001,512,0,250,200,16,"[0.1, 0.25]",1.0,False,10,10.0,20,0,99,False,0.0020076508989274426,2.6291253719310697,0.03737797084103663,0.032388657331466675,0.18889093399047852,0,67,0.01,0.001677699969150126,2.64900803565979,0.028167780325748026,nan,nan,nan,nan,nan
2,3,256,0.01,0.001,512,0,250,200,16,"[0.1, 0.25]",1.0,False,10,10.0,20,0,100,False,0.0020037131235498017,2.6290696472575834,0.037301760765730906,0.0322309285402298,0.25162336230278015,0,67,0.01,0.0016425030771642923,2.6609647274017334,0.028252150351181626,52.79000855350113,8.924943359819803,94.03125,86.02499999999999,89.85833333333333
2,3,256,0.01,0.001,512,0,250,200,16,"[0.1, 0.25]",1.0,False,10,10.0,20,0,101,False,0.0020100480861723422,2.6278631865631747,0.03758013696296947,0.03245355933904648,0.5416065454483032,0,68,0.01,0.001986989751458168,2.6213161945343018,0.028200151696801186,nan,nan,nan,nan,nan
2,3,256,0.01,0.001,512,0,250,200,16,"[0.1, 0.25]",1.0,False,10,10.0,20,0,102,False,0.255038414183923,2.6264474855169357,132.69127582557982,0.03227108344435692,1112311.75,2,72,0.01,0.002440581563860178,2.583436965942383,0.028274951223284005,nan,nan,nan,nan,nan
2,3,256,0.01,0.001,512,0,250,200,16,"[0.1, 0.25]",1.0,False,10,10.0,20,0,103,False,0.001997055312092977,2.6265418290513827,0.03703506365404966,0.03216143697500229,0.18943820893764496,0,72,0.01,0.0019592505414038897,2.6335580348968506,0.028294830890372397,nan,nan,nan,nan,nan
2,3,256,0.01,0.001,512,0,250,200,16,"[0.1, 0.25]",1.0,False,10,10.0,20,0,104,False,0.00199765227736477,2.6248044829474444,0.03893707248435952,0.03228416293859482,14.2531156539917,1,73,0.01,0.002348804147914052,2.5946543216705322,0.028295347364619375,nan,nan,nan,nan,nan
2,3,256,0.01,0.001,512,0,250,200,16,"[0.1, 0.25]",1.0,False,10,10.0,20,0,105,False,0.0019777508716432783,2.6273582599451992,0.03758460780881075,0.03226945176720619,0.3113579750061035,0,73,0.01,0.002411333844065666,2.597017765045166,0.028381511494517328,nan,nan,nan,nan,nan
2,3,256,0.01,0.001,512,0,250,200,16,"[0.1, 0.25]",1.0,False,10,10.0,20,0,106,False,0.002081665453472382,2.6252962851376345,0.10197366036332044,0.032858047634363174,545.9175415039062,1,74,0.01,0.0019883611239492893,2.61984920501709,0.02818685317412019,nan,nan,nan,nan,nan
2,3,256,0.01,0.001,512,0,250,200,16,"[0.1, 0.25]",1.0,False,10,10.0,20,0,107,False,0.0020107128291792027,2.6201420113732397,0.03709653169918441,0.03190995752811432,0.5369831323623657,0,75,0.01,0.0018091987585648894,2.652625560760498,0.02833545436616987,nan,nan,nan,nan,nan
2,3,256,0.01,0.001,512,0,250,200,16,"[0.1, 0.25]",1.0,False,10,10.0,20,0,108,False,0.0019764043680377563,2.6249181531504595,0.037726346682009596,0.032132431864738464,3.6414663791656494,1,77,0.01,0.002282192464917898,2.623270034790039,0.02851489281281829,nan,nan,nan,nan,nan
2,3,256,0.01,0.001,512,0,250,200,16,"[0.1, 0.25]",1.0,False,10,10.0,20,0,109,False,0.0019808136457652274,2.6197334617641763,0.03833188661703399,0.03205473721027374,12.647174835205078,1,78,0.01,0.002160682575777173,2.611470937728882,0.02827539195306599,nan,nan,nan,nan,nan
2,3,256,0.01,0.001,512,0,250,200,16,"[0.1, 0.25]",1.0,False,10,10.0,20,0,110,False,0.0019786073543067227,2.6184077057025825,0.037080327267006684,0.032376933842897415,0.1957210898399353,0,78,0.01,0.002066326094791293,2.6126201152801514,0.028192527247592806,53.8430309084713,9.144827758934486,94.0625,87.32083333333334,91.21666666666665
2,3,256,0.01,0.001,512,0,250,200,16,"[0.1, 0.25]",1.0,False,10,10.0,20,0,111,False,0.0019853443964586524,2.6197460207037917,0.037026388668447104,0.03204352781176567,0.4881077706813812,0,79,0.01,0.0019102179212495685,2.615227222442627,0.02806249014567584,nan,nan,nan,nan,nan
2,3,256,0.01,0.001,512,0,250,200,16,"[0.1, 0.25]",1.0,False,10,10.0,20,0,112,False,0.00198276708624724,2.6188065895856143,0.037077189026656576,0.03227558732032776,0.2191736102104187,0,79,0.01,0.0019614980556070805,2.6240103244781494,0.028201601300388575,nan,nan,nan,nan,nan
2,3,256,0.01,0.001,512,0,250,200,16,"[0.1, 0.25]",1.0,False,10,10.0,20,0,113,False,0.00200628031855507,2.6192088307323216,0.03723047660571691,0.03196757659316063,2.027897834777832,1,81,0.01,0.002285255352035165,2.569371461868286,0.027978969970718026,nan,nan,nan,nan,nan
2,3,256,0.01,0.001,512,0,250,200,16,"[0.1, 0.25]",1.0,False,10,10.0,20,0,114,False,2.1788047349752717,2.6377885915402093,47.071224321932156,0.03204109147191048,220550.171875,7,88,0.01,0.0018564764177426696,2.6119680404663086,0.027976156822405757,nan,nan,nan,nan,nan
2,3,256,0.01,0.001,512,0,250,200,16,"[0.1, 0.25]",1.0,False,10,10.0,20,0,115,False,0.001966314218907288,2.6165119739243927,0.036793876830282624,0.03167324140667915,0.1950305700302124,0,88,0.01,0.0023274696432054043,2.5988998413085938,0.028316468056291344,nan,nan,nan,nan,nan
2,3,256,0.01,0.001,512,0,250,200,16,"[0.1, 0.25]",1.0,False,10,10.0,20,0,116,False,0.001978048037649791,2.6166447351856172,0.03697053754858228,0.03205742686986923,0.2581477761268616,0,88,0.01,0.0019689316395670176,2.6305770874023438,0.028274702513590457,nan,nan,nan,nan,nan
2,3,256,0.01,0.001,512,0,250,200,16,"[0.1, 0.25]",1.0,False,10,10.0,20,0,117,False,0.002151859971462036,2.6158071256500373,0.07284225127462975,0.03202582895755768,301.4481506347656,2,91,0.01,0.002074368530884385,2.614309072494507,0.028217459255829455,nan,nan,nan,nan,nan
2,3,256,0.01,0.001,512,0,250,200,16,"[0.1, 0.25]",1.0,False,10,10.0,20,0,118,False,0.0019484316802221488,2.61621187537871,0.03684089724242784,0.031854383647441864,0.1726464033126831,0,91,0.01,0.0021422349382191896,2.5915017127990723,0.028057252066209914,nan,nan,nan,nan,nan
2,3,256,0.01,0.001,512,0,250,200,16,"[0.1, 0.25]",1.0,False,10,10.0,20,0,119,False,0.01231253304674865,2.6193671009375095,0.7485610114234523,0.031789157539606094,6029.75830078125,1,92,0.01,0.002223852090537548,2.610008955001831,0.02832394164055586,nan,nan,nan,nan,nan
2,3,256,0.01,0.001,512,0,250,200,16,"[0.1, 0.25]",1.0,False,10,10.0,20,0,120,False,0.001959006437775306,2.6205716137832127,0.03701523206126962,0.03204691410064697,0.271735817193985,0,92,0.01,0.0019301811698824167,2.606956958770752,0.027999750757589936,53.512549457282006,9.214676115691239,93.5625,86.47499999999998,89.61666666666667
2,3,256,0.01,0.001,512,0,250,200,16,"[0.1, 0.25]",1.0,False,10,10.0,20,0,121,False,1.4330520717881077,2.6193783032398072,54.49539411881452,0.031819768249988556,362333.15625,2,94,0.01,0.0017662281170487404,2.628448963165283,0.028050717748701572,nan,nan,nan,nan,nan
2,3,256,0.01,0.001,512,0,250,200,16,"[0.1, 0.25]",1.0,False,10,10.0,20,0,122,False,0.0020033558381071844,2.6184056613428837,0.05665102752652186,0.03156544640660286,106.9905776977539,2,96,0.01,0.0023545040749013424,2.5835440158843994,0.028189944233745337,nan,nan,nan,nan,nan
2,3,256,0.01,0.001,512,0,250,200,16,"[0.1, 0.25]",1.0,False,10,10.0,20,0,123,False,0.0019548183567329627,2.6130856642930453,0.037048075039725355,0.03182568401098251,0.9597660303115845,0,97,0.01,0.001697204657830298,2.6452205181121826,0.028149409838952123,nan,nan,nan,nan,nan
2,3,256,0.01,0.001,512,0,250,200,16,"[0.1, 0.25]",1.0,False,10,10.0,20,0,124,False,18.506896540611134,2.6839385619514884,494.14048278164734,0.031468141824007034,2750975.25,10,109,0.01,0.0016043942887336016,2.644606351852417,0.028050457807257772,nan,nan,nan,nan,nan
2,3,256,0.01,0.001,512,0,250,200,16,"[0.1, 0.25]",1.0,False,10,10.0,20,0,125,False,0.0019477184783534124,2.6180190280451883,0.03701948694081332,0.031914494931697845,0.1773281693458557,0,109,0.01,0.001727884984575212,2.633923292160034,0.028067117906175554,nan,nan,nan,nan,nan
2,3,256,0.01,0.001,512,0,250,200,16,"[0.1, 0.25]",1.0,False,10,10.0,20,0,126,False,0.0019500300184452054,2.615681590684231,0.03700949788076443,0.03158728778362274,0.6709828972816467,0,111,0.01,0.001985530136153102,2.6028037071228027,0.02801356720738113,nan,nan,nan,nan,nan
2,3,256,0.01,0.001,512,0,250,200,16,"[0.1, 0.25]",1.0,False,10,10.0,20,0,127,False,0.001949912123469747,2.6172941056910757,0.036881661106767036,0.031971096992492676,0.4592530429363251,0,112,0.01,0.001571547007188201,2.6530752182006836,0.02810229918919504,nan,nan,nan,nan,nan
2,3,256,0.01,0.001,512,0,250,200,16,"[0.1, 0.25]",1.0,False,10,10.0,20,0,128,False,0.0019829463948824507,2.610976161925264,0.04140331735209724,0.0319475494325161,37.68043518066406,1,115,0.01,0.0016967863775789738,2.6374831199645996,0.02807161757722497,nan,nan,nan,nan,nan
2,3,256,0.01,0.001,512,0,250,200,16,"[0.1, 0.25]",1.0,False,10,10.0,20,0,129,False,0.0030732105226601095,2.6138958358970554,0.6756095498125503,0.03195613622665405,5332.79833984375,2,117,0.01,0.002050780924037099,2.5883333683013916,0.027934114607051017,nan,nan,nan,nan,nan
2,3,256,0.01,0.001,512,0,250,200,16,"[0.1, 0.25]",1.0,False,10,10.0,20,0,130,False,0.001942489640719649,2.6081365941803343,0.036816694663426804,0.03214484453201294,0.18613484501838684,0,117,0.01,0.002128015272319317,2.597242593765259,0.028100441209971905,52.0953094582282,9.125819373897961,93.21875,85.30833333333332,90.34583333333332
2,3,256,0.01,0.001,512,0,250,200,16,"[0.1, 0.25]",1.0,False,10,10.0,20,0,131,False,0.0019336354943135098,2.606377823280089,0.03882940228617231,0.03175527602434158,14.905861854553223,1,118,0.01,0.001955344807356596,2.5980138778686523,0.02793548358604312,nan,nan,nan,nan,nan
2,3,256,0.01,0.001,512,0,250,200,16,"[0.1, 0.25]",1.0,False,10,10.0,20,0,132,False,0.002083401704446328,2.5995702082689274,0.04785122594736044,0.032416101545095444,60.51420974731445,3,121,0.01,0.0018712126184254885,2.5863327980041504,0.027734540598466993,nan,nan,nan,nan,nan
2,3,256,0.01,0.001,512,0,250,200,16,"[0.1, 0.25]",1.0,False,10,10.0,20,0,133,False,0.0019111353321630015,2.5969946505695085,0.0374390663120159,0.03253668546676636,0.7680085301399231,0,122,0.01,0.00166231335606426,2.6199333667755127,0.027861647023819387,nan,nan,nan,nan,nan
2,3,256,0.01,0.001,512,0,250,200,16,"[0.1, 0.25]",1.0,False,10,10.0,20,0,134,False,0.022260808362816194,2.595448121958164,21.198249954430352,0.03198476880788803,179249.78125,1,123,0.01,0.0017398294294252992,2.597411632537842,0.027713945754803716,nan,nan,nan,nan,nan
2,3,256,0.01,0.001,512,0,250,200,16,"[0.1, 0.25]",1.0,False,10,10.0,20,0,135,False,0.0018891008863333846,2.593507537439301,0.03731470580491546,0.032308921217918396,0.4301266372203827,0,124,0.01,0.0021170584950596094,2.578455686569214,0.02790161536075175,nan,nan,nan,nan,nan
2,3,256,0.01,0.001,512,0,250,200,16,"[0.1, 0.25]",1.0,False,10,10.0,20,0,136,False,0.016702738423451435,2.5884000228375945,4.081354729232615,0.03233305737376213,24857.423828125,2,126,0.01,0.0019941600039601326,2.597364902496338,0.027967809028923513,nan,nan,nan,nan,nan
2,3,256,0.01,0.001,512,0,250,200,16,"[0.1, 0.25]",1.0,False,10,10.0,20,0,137,False,0.001886142646424858,2.5902930777877624,0.0371366514234407,0.03196102753281593,0.2342776507139206,0,126,0.01,0.002126451814547181,2.5691189765930176,0.027817641580477358,nan,nan,nan,nan,nan
2,3,256,0.01,0.001,512,0,250,200,16,"[0.1, 0.25]",1.0,False,10,10.0,20,0,138,False,0.04594151611458262,2.590038371730773,15.302714144507487,0.03207824379205704,129310.375,1,127,0.01,0.0016391200479120016,2.6067349910736084,0.027706469958648085,nan,nan,nan,nan,nan
2,3,256,0.01,0.001,512,0,250,200,16,"[0.1, 0.25]",1.0,False,10,10.0,20,0,139,False,0.0022479446123318436,2.586363641016541,0.08015928601640915,0.032221224159002304,363.9050598144531,1,129,0.01,0.001798406126908958,2.5981218814849854,0.027779624941758813,nan,nan,nan,nan,nan
2,3,256,0.01,0.001,512,0,250,200,16,"[0.1, 0.25]",1.0,False,10,10.0,20,0,140,False,0.0019417651817945616,2.587035645457105,0.04641094535893258,0.03177918121218681,69.48292541503906,3,132,0.01,0.0017130016349256039,2.6124377250671387,0.02783737888559699,49.79696614282267,8.446628984354007,93.03125,86.55416666666669,91.19583333333334
2,3,256,0.01,0.001,512,0,250,200,16,"[0.1, 0.25]",1.0,False,10,10.0,20,0,141,False,0.001878140967963656,2.589265403779302,0.03709197115046019,0.03197089955210686,0.32328280806541443,0,132,0.01,0.0018131798133254051,2.589036226272583,0.027703542076051236,nan,nan,nan,nan,nan
2,3,256,0.01,0.001,512,0,250,200,16,"[0.1, 0.25]",1.0,False,10,10.0,20,0,142,False,0.001875477547199162,2.5850830979275417,0.03677385308175808,0.03175951912999153,0.2925654351711273,0,132,0.01,0.0017658266006037593,2.5935404300689697,0.027701230901293457,nan,nan,nan,nan,nan
2,3,256,0.01,0.001,512,0,250,200,16,"[0.1, 0.25]",1.0,False,10,10.0,20,0,143,False,0.010220668810367423,2.5872117513673385,3.98602208212014,0.031912099570035934,33451.4921875,1,133,0.01,0.0017597377300262451,2.600724220275879,0.027766979932785034,nan,nan,nan,nan,nan
2,3,256,0.01,0.001,512,0,250,200,16,"[0.1, 0.25]",1.0,False,10,10.0,20,0,144,False,0.001884363425671458,2.5865349606508374,0.03696444183455819,0.031911153346300125,1.6356080770492554,1,134,0.01,0.0019235230283811688,2.5737626552581787,0.027661149580962958,nan,nan,nan,nan,nan
2,3,256,0.01,0.001,512,0,250,200,16,"[0.1, 0.25]",1.0,False,10,10.0,20,0,145,False,1.5391987990726688,2.5932169648201535,39.8701297077891,0.03192092850804329,324807.03125,2,137,0.01,0.0017688340740278363,2.595640182495117,0.02772523589897901,nan,nan,nan,nan,nan
2,3,256,0.01,0.001,512,0,250,200,16,"[0.1, 0.25]",1.0,False,10,10.0,20,0,146,False,0.0019168841844153163,2.5854462247452563,0.07392633534211532,0.03172345086932182,314.4908142089844,1,139,0.01,0.0017776349559426308,2.595228433609009,0.02772991929203272,nan,nan,nan,nan,nan
2,3,256,0.01,0.001,512,0,250,200,16,"[0.1, 0.25]",1.0,False,10,10.0,20,0,147,False,28.775527857854406,2.725963427799947,305.8468782244793,0.0317133404314518,1296406.25,17,156,0.01,0.002097718883305788,2.5610105991363525,0.027707824874669315,nan,nan,nan,nan,nan
2,3,256,0.01,0.001,512,0,250,200,16,"[0.1, 0.25]",1.0,False,10,10.0,20,0,148,False,0.0019050560078936558,2.58351265117765,0.03648550806893921,0.03145391121506691,0.33544519543647766,0,156,0.01,0.0017809659475460649,2.5927793979644775,0.02770875992719084,nan,nan,nan,nan,nan
2,3,256,0.01,0.001,512,0,250,200,16,"[0.1, 0.25]",1.0,False,10,10.0,20,0,149,False,0.0018455565280636635,2.5845256420566876,0.03637796878657668,0.031336311250925064,0.17055755853652954,0,156,0.01,0.001785778091289103,2.5982704162597656,0.02776848225388676,nan,nan,nan,nan,nan
2,3,256,0.01,0.001,512,0,250,200,16,"[0.1, 0.25]",1.0,False,10,10.0,20,0,150,False,0.0018783868402799842,2.5830649126822367,0.03655820382108919,0.03133609518408775,0.39618444442749023,0,157,0.01,0.001506108557805419,2.6206648349761963,0.027712756907567384,51.18385677896082,8.594210667527543,92.375,84.78333333333336,89.27083333333333
2,3,256,0.01,0.001,512,0,250,200,16,"[0.1, 0.25]",1.0,False,10,10.0,20,0,151,False,0.0018790570915985635,2.581947204466844,0.042814756983975015,0.03125719353556633,55.338191986083984,1,158,0.01,0.0018202175851911306,2.586118698120117,0.027681404566392304,nan,nan,nan,nan,nan
2,3,256,0.01,0.001,512,0,250,200,16,"[0.1, 0.25]",1.0,False,10,10.0,20,0,152,False,0.0018736698864273641,2.5851020574422594,0.03674497839009179,0.03126883506774902,4.5233306884765625,1,159,0.01,0.0019691914785653353,2.5725553035736084,0.02769474451430142,nan,nan,nan,nan,nan
2,3,256,0.01,0.001,512,0,250,200,16,"[0.1, 0.25]",1.0,False,10,10.0,20,0,153,False,0.0018764095959444655,2.5809699968027093,0.0364299676084166,0.03156055137515068,0.47343072295188904,0,161,0.01,0.002352581825107336,2.5506720542907715,0.02785930236801505,nan,nan,nan,nan,nan
2,3,256,0.01,0.001,512,0,250,200,16,"[0.1, 0.25]",1.0,False,10,10.0,20,0,154,False,0.006813296040219356,2.5819242915867004,0.2849046408558495,0.031384341418743134,2081.989990234375,3,164,0.01,0.0016895865555852652,2.596360921859741,0.027653195774182678,nan,nan,nan,nan,nan
2,3,256,0.01,0.001,512,0,250,200,16,"[0.1, 0.25]",1.0,False,10,10.0,20,0,155,False,5.735533567064324,2.8770232047455706,85.24037165704985,0.03150510787963867,178706.640625,28,195,0.01,0.001969306031242013,2.583683967590332,0.027806145707145333,nan,nan,nan,nan,nan
2,3,256,0.01,0.001,512,0,250,200,16,"[0.1, 0.25]",1.0,False,10,10.0,20,0,156,False,0.003667103637095408,2.594330355068318,0.3180827189121413,0.030765442177653313,2280.827392578125,6,202,0.01,0.0018588679376989603,2.579099416732788,0.027649862105026842,nan,nan,nan,nan,nan
2,3,256,0.01,0.001,512,0,250,200,16,"[0.1, 0.25]",1.0,False,10,10.0,20,0,157,False,0.0018756156330246752,2.5800597600018427,0.035931240741743545,0.03096260316669941,0.9861595034599304,0,203,0.01,0.00181040249299258,2.5726420879364014,0.027536823372356595,nan,nan,nan,nan,nan
2,3,256,0.01,0.001,512,0,250,200,16,"[0.1, 0.25]",1.0,False,10,10.0,20,0,158,False,0.0018801426837321345,2.580683938394392,0.036006611572701255,0.03097124770283699,0.19825080037117004,0,203,0.01,0.002105122897773981,2.5511207580566406,0.02761633047834039,nan,nan,nan,nan,nan
2,3,256,0.01,0.001,512,0,250,200,16,"[0.1, 0.25]",1.0,False,10,10.0,20,0,159,False,0.0018738390568899367,2.5805944020037006,0.03598779179944666,0.030969223007559776,0.33304107189178467,0,203,0.01,0.0015422211727127433,2.596440315246582,0.027506624325178565,nan,nan,nan,nan,nan
2,3,256,0.01,0.001,512,0,250,200,16,"[0.1, 0.25]",1.0,False,10,10.0,20,0,160,False,0.0018675597278988135,2.5820101649943834,0.03637128317809522,0.03079497255384922,4.000128746032715,1,204,0.01,0.0015984682831913233,2.6156680583953857,0.027755148867145182,48.90480493831968,8.438558349665911,94.40625,85.99583333333334,90.03749999999998
2,3,256,0.01,0.001,512,0,250,200,16,"[0.1, 0.25]",1.0,False,10,10.0,20,0,161,False,0.7726662773761883,2.5873041309691973,38.62581851168479,0.03099675476551056,256257.25,2,206,0.01,0.0021379198879003525,2.5561156272888184,0.02769907616078854,nan,nan,nan,nan,nan
2,3,256,0.01,0.001,512,0,250,200,16,"[0.1, 0.25]",1.0,False,10,10.0,20,0,162,False,0.009109279184289101,2.583163134962524,0.43290255424455865,0.031018393114209175,1915.0897216796875,2,208,0.01,0.0017440449446439743,2.599203109741211,0.027736076042056083,nan,nan,nan,nan,nan
2,3,256,0.01,0.001,512,0,250,200,16,"[0.1, 0.25]",1.0,False,10,10.0,20,0,163,False,0.09240917351902037,2.669348637732959,6.351426738859938,0.03091338463127613,29392.70703125,12,222,0.01,0.002133792731910944,2.5595691204071045,0.02772948393598199,nan,nan,nan,nan,nan
2,3,256,0.01,0.001,512,0,250,200,16,"[0.1, 0.25]",1.0,False,10,10.0,20,0,164,False,0.0018740202163738966,2.5796821762830007,0.03574514517854346,0.030764184892177582,0.2016034573316574,0,222,0.01,0.0023437782656401396,2.529845714569092,0.027642235411331057,nan,nan,nan,nan,nan
2,3,256,0.01,0.001,512,0,250,200,16,"[0.1, 0.25]",1.0,False,10,10.0,20,0,165,False,0.0018835372075399032,2.5812304920704583,0.03588356138702833,0.03105601668357849,0.2829281985759735,0,222,0.01,0.001917171524837613,2.565131902694702,0.027568490551784636,nan,nan,nan,nan,nan
2,3,256,0.01,0.001,512,0,250,200,16,"[0.1, 0.25]",1.0,False,10,10.0,20,0,166,False,0.0018591967037082289,2.581457320398157,0.03565642548006093,0.030618799850344658,0.2182757705450058,0,222,0.01,0.002122745616361499,2.5565338134765625,0.027688083751127125,nan,nan,nan,nan,nan
2,3,256,0.01,0.001,512,0,250,200,16,"[0.1, 0.25]",1.0,False,10,10.0,20,0,167,False,0.15641574349193713,2.58673354876081,4.352714735547812,0.030759522691369057,36115.49609375,4,227,0.01,0.0019748457707464695,2.556190252304077,0.02753674829378724,nan,nan,nan,nan,nan
2,3,256,0.01,0.001,512,0,250,200,16,"[0.1, 0.25]",1.0,False,10,10.0,20,0,168,False,0.0018357285985031477,2.5809125628954592,0.03543284893948241,0.030415020883083344,0.18654225766658783,0,227,0.01,0.0015586056979373097,2.603316307067871,0.02759176876861602,nan,nan,nan,nan,nan
2,3,256,0.01,0.001,512,0,250,200,16,"[0.1, 0.25]",1.0,False,10,10.0,20,0,169,False,0.001855806624560359,2.5800848765678883,0.03738284213212887,0.030537517741322517,15.325644493103027,1,228,0.01,0.0014551653293892741,2.6169495582580566,0.027624660911969842,nan,nan,nan,nan,nan
2,3,256,0.01,0.001,512,0,250,200,16,"[0.1, 0.25]",1.0,False,10,10.0,20,0,170,False,0.001876173717091476,2.578455990391992,0.03550897874026074,0.03061589039862156,0.39598867297172546,0,230,0.01,0.0013850606046617031,2.6187050342559814,0.027572110947221517,45.011979556710045,7.762762729324484,94.46875,86.19583333333331,90.02916666666664
2,3,256,0.01,0.001,512,0,250,200,16,"[0.1, 0.25]",1.0,False,10,10.0,20,0,171,False,0.09018849794580876,2.5834377051191164,2.18249690153265,0.03053302690386772,15199.1552734375,2,233,0.01,0.002357454737648368,2.558367967605591,0.027941134413704275,nan,nan,nan,nan,nan
2,3,256,0.01,0.001,512,0,250,200,16,"[0.1, 0.25]",1.0,False,10,10.0,20,0,172,False,0.06589527799908915,2.949474924170381,6.644814804916097,0.030728913843631744,35581.45703125,21,255,0.01,0.0018014372326433659,2.576129198074341,0.027562729213386775,nan,nan,nan,nan,nan
2,3,256,0.01,0.001,512,0,250,200,16,"[0.1, 0.25]",1.0,False,10,10.0,20,0,173,False,0.0019141800305023536,2.579744633618858,0.03613007920521031,0.030428728088736534,7.0650739669799805,1,257,0.01,0.001972486963495612,2.5636215209960938,0.02760870217345655,nan,nan,nan,nan,nan
2,3,256,0.01,0.001,512,0,250,200,16,"[0.1, 0.25]",1.0,False,10,10.0,20,0,174,False,0.00193294148473937,2.5808380437332374,0.041527341980983436,0.030401363968849182,50.85755157470703,1,258,0.01,0.0022350975777953863,2.5449647903442383,0.02768474548123777,nan,nan,nan,nan,nan
2,3,256,0.01,0.001,512,0,250,200,16,"[0.1, 0.25]",1.0,False,10,10.0,20,0,175,False,0.0019202149832541124,2.580490122533549,0.045478734557573036,0.030475039035081863,84.0698013305664,1,260,0.01,0.001287377206608653,2.6466455459594727,0.02775383266620338,nan,nan,nan,nan,nan
2,3,256,0.01,0.001,512,0,250,200,16,"[0.1, 0.25]",1.0,False,10,10.0,20,0,176,False,0.0018334662264172566,2.579818286088807,0.035388613309198215,0.03031817264854908,0.33399727940559387,0,260,0.01,0.001387062598951161,2.619924783706665,0.02758631043601781,nan,nan,nan,nan,nan
2,3,256,0.01,0.001,512,0,250,200,16,"[0.1, 0.25]",1.0,False,10,10.0,20,0,177,False,0.047331071095406296,2.595071659054307,5.6699710780475465,0.0303665641695261,46616.23046875,4,264,0.01,0.0023400478530675173,2.529904365539551,0.027639091508463026,nan,nan,nan,nan,nan
2,3,256,0.01,0.001,512,0,250,200,16,"[0.1, 0.25]",1.0,False,10,10.0,20,0,178,False,0.010002295917918465,2.5824360344509047,0.2945685362721632,0.030537305399775505,2196.855712890625,1,266,0.01,0.0015415913658216596,2.6053433418273926,0.027595024784095586,nan,nan,nan,nan,nan
2,3,256,0.01,0.001,512,0,250,200,16,"[0.1, 0.25]",1.0,False,10,10.0,20,0,179,False,0.0018715439063440027,2.5760743212054225,0.060593398029302956,0.03019818104803562,216.08779907226562,1,267,0.01,0.0017785694217309356,2.573274850845337,0.027511317930184305,nan,nan,nan,nan,nan
2,3,256,0.01,0.001,512,0,250,200,16,"[0.1, 0.25]",1.0,False,10,10.0,20,0,180,False,0.001857591388530179,2.576360882546391,0.03733743948160525,0.02985246479511261,21.071781158447266,1,268,0.01,0.0021999026648700237,2.5374245643615723,0.027574148308485747,48.77128422626498,8.466403023587825,93.625,86.03333333333333,89.47083333333332
2,3,256,0.01,0.001,512,0,250,200,16,"[0.1, 0.25]",1.0,False,10,10.0,20,0,181,False,0.0018669874175079976,2.5798213297769057,0.03617777195843823,0.03055584244430065,3.1256563663482666,2,272,0.01,0.0016633528284728527,2.587559223175049,0.027538945060223342,nan,nan,nan,nan,nan
2,3,256,0.01,0.001,512,0,250,200,16,"[0.1, 0.25]",1.0,False,10,10.0,20,0,182,False,0.00237053373669224,2.5801065869985185,0.17815100677193868,0.03026772476732731,903.5716552734375,6,284,0.01,0.0015751131577417254,2.5964391231536865,0.02753950438927859,nan,nan,nan,nan,nan
2,3,256,0.01,0.001,512,0,250,200,16,"[0.1, 0.25]",1.0,False,10,10.0,20,0,183,False,0.001846316106329219,2.5792375399196947,0.0503349319318951,0.03028280660510063,128.72975158691406,1,286,0.01,0.0020238871220499277,2.5543854236602783,0.02756774135865271,nan,nan,nan,nan,nan
2,3,256,0.01,0.001,512,0,250,200,16,"[0.1, 0.25]",1.0,False,10,10.0,20,0,184,False,0.0018242665872801067,2.5790314569619457,0.03507453197050032,0.03012107126414776,0.35942399501800537,0,287,0.01,0.0016139327781274915,2.6172680854797363,0.027786613632924857,nan,nan,nan,nan,nan
2,3,256,0.01,0.001,512,0,250,200,16,"[0.1, 0.25]",1.0,False,10,10.0,20,0,185,False,0.0018557022096206725,2.576857816284196,0.03473381003703952,0.029666734859347343,0.26819664239883423,0,287,0.01,0.0018434625817462802,2.563088893890381,0.02747435152065009,nan,nan,nan,nan,nan
2,3,256,0.01,0.001,512,0,250,200,16,"[0.1, 0.25]",1.0,False,10,10.0,20,0,186,False,0.009080047376345154,2.58334164473852,0.39304129685702976,0.0301846694201231,3031.53564453125,2,291,0.01,0.0019276562379673123,2.5689287185668945,0.02761694342363626,nan,nan,nan,nan,nan
2,3,256,0.01,0.001,512,0,250,200,16,"[0.1, 0.25]",1.0,False,10,10.0,20,0,187,False,0.0018842900412054673,2.5800186594024757,0.043777164510613656,0.030043454840779305,73.50544738769531,1,296,0.01,0.001929760561324656,2.5722618103027344,0.027652378664352,nan,nan,nan,nan,nan
2,3,256,0.01,0.001,512,0,250,200,16,"[0.1, 0.25]",1.0,False,10,10.0,20,0,188,False,0.001846665567094868,2.5730346127092822,0.03474750111452422,0.02981659024953842,0.32432422041893005,0,296,0.01,0.0018326191930100322,2.578047037124634,0.02761308956425637,nan,nan,nan,nan,nan
2,3,256,0.01,0.001,512,0,250,200,16,"[0.1, 0.25]",1.0,False,10,10.0,20,0,189,False,0.0018440657520388173,2.578025704775747,0.03483039900489433,0.030047185719013214,0.2697887420654297,0,296,0.01,0.0018033080268651247,2.5730865001678467,0.027534173028543593,nan,nan,nan,nan,nan
2,3,256,0.01,0.001,512,0,250,200,16,"[0.1, 0.25]",1.0,False,10,10.0,20,0,190,False,0.0018363397043303744,2.5743467541884906,0.03507840044661571,0.029814256355166435,1.4659614562988281,1,298,0.01,0.0018677294719964266,2.5727014541625977,0.027594744013622403,45.00077753486952,7.428964607760565,95.34375,88.65833333333335,92.0125
2,3,256,0.01,0.001,512,0,250,200,16,"[0.1, 0.25]",1.0,False,10,10.0,20,0,191,False,0.24985650609257287,2.5988640610360445,16.459286342546303,0.030138008296489716,84585.890625,7,307,0.01,0.002042477484792471,2.5476155281066895,0.027518632765859367,nan,nan,nan,nan,nan
2,3,256,0.01,0.001,512,0,250,200,16,"[0.1, 0.25]",1.0,False,10,10.0,20,0,192,False,0.0018792161491661228,2.5748391346363255,0.0902771501242305,0.03010786883533001,468.8863830566406,1,309,0.01,0.0015688384883105755,2.6107754707336426,0.027676593195647,nan,nan,nan,nan,nan
2,3,256,0.01,0.001,512,0,250,200,16,"[0.1, 0.25]",1.0,False,10,10.0,20,0,193,False,0.004699472871839828,2.6106289775026448,0.6306828157804489,0.03012164682149887,1771.5738525390625,7,316,0.01,0.0016880632610991597,2.59175181388855,0.027605581399984657,nan,nan,nan,nan,nan
2,3,256,0.01,0.001,512,0,250,200,16,"[0.1, 0.25]",1.0,False,10,10.0,20,0,194,False,0.0018448705680870405,2.5761887460518222,0.03480181205804133,0.02987564541399479,0.6698079109191895,0,318,0.01,0.0020522205159068108,2.5551798343658447,0.02760401885956526,nan,nan,nan,nan,nan
2,3,256,0.01,0.001,512,0,250,200,16,"[0.1, 0.25]",1.0,False,10,10.0,20,0,195,False,0.0038019354721688333,2.5914564464966805,0.13727488582929048,0.0300445519387722,800.1068725585938,6,325,0.01,0.0022605054546147585,2.5772554874420166,0.028033060329034926,nan,nan,nan,nan,nan
2,3,256,0.01,0.001,512,0,250,200,16,"[0.1, 0.25]",1.0,False,10,10.0,20,0,196,False,0.0018264233608191278,2.5787248726826686,0.034669387459888415,0.029680291190743446,0.19939179718494415,0,325,0.01,0.0018195421434938908,2.583219289779663,0.027651735041290523,nan,nan,nan,nan,nan
2,3,256,0.01,0.001,512,0,250,200,16,"[0.1, 0.25]",1.0,False,10,10.0,20,0,197,False,0.001832406237448163,2.575782670905651,0.034860576051890836,0.030210519209504128,0.4875222146511078,0,326,0.01,0.002075733384117484,2.5505459308624268,0.027581192692741754,nan,nan,nan,nan,nan
2,3,256,0.01,0.001,512,0,250,200,16,"[0.1, 0.25]",1.0,False,10,10.0,20,0,198,False,0.0018057487996486143,2.5742089714721748,0.03467344108223177,0.030054830014705658,0.5572567582130432,0,327,0.01,0.0019978350028395653,2.552626609802246,0.027524101100862026,nan,nan,nan,nan,nan
2,3,256,0.01,0.001,512,0,250,200,16,"[0.1, 0.25]",1.0,False,10,10.0,20,0,199,False,0.003338452388919392,2.5775599632822357,0.22429528225840467,0.02973867394030094,1597.859619140625,3,335,0.01,0.002152291126549244,2.5425288677215576,0.02757757980376482,nan,nan,nan,nan,nan
2,3,256,0.01,0.001,512,0,250,200,16,"[0.1, 0.25]",1.0,False,10,10.0,20,0,200,False,0.0018483612708135161,2.5723992009505188,0.03500403877046489,0.029925333335995674,3.222487211227417,1,336,0.01,0.0018911208026111126,2.564602851867676,0.02753714932128787,49.70639815029797,8.809904136360778,93.9375,86.74583333333335,90.49166666666667
2,3,256,0.01,0.001,512,0,250,200,16,"[0.1, 0.25]",1.0,False,10,10.0,20,0,201,False,0.001842055496068416,2.5756141620528665,0.03456614244225316,0.029604056850075722,0.16989576816558838,0,336,0.01,0.001604749821126461,2.58980655670166,0.027502815388143063,nan,nan,nan,nan,nan
2,3,256,0.01,0.001,512,0,250,200,16,"[0.1, 0.25]",1.0,False,10,10.0,20,0,202,False,8.147895562486806,2.597732287423597,126.98362256136325,0.03000054694712162,1025039.875,6,343,0.01,0.0018115476705133915,2.572012424468994,0.027531671915203334,nan,nan,nan,nan,nan
2,3,256,0.01,0.001,512,0,250,200,16,"[0.1, 0.25]",1.0,False,10,10.0,20,0,203,False,0.0018227019223914928,2.574732766260859,0.03456548804281626,0.029716836288571358,0.732958972454071,0,345,0.01,0.0016658169915899634,2.5770037174224854,0.027435854165814816,nan,nan,nan,nan,nan
2,3,256,0.01,0.001,512,0,250,200,16,"[0.1, 0.25]",1.0,False,10,10.0,20,0,204,False,0.0018551912620292186,2.571443346550586,0.03439970769753138,0.029501765966415405,0.17349347472190857,0,345,0.01,0.0015465653268620372,2.599757194519043,0.027544137272052467,nan,nan,nan,nan,nan
2,3,256,0.01,0.001,512,0,250,200,16,"[0.1, 0.25]",1.0,False,10,10.0,20,0,205,False,0.22628339906525938,2.604709740655593,20.271556945099885,0.02969387359917164,107331.4140625,7,354,0.01,0.0020556747913360596,2.545273542404175,0.02750841021537781,nan,nan,nan,nan,nan
2,3,256,0.01,0.001,512,0,250,200,16,"[0.1, 0.25]",1.0,False,10,10.0,20,0,206,False,0.001844023665678794,2.5736039043983157,0.037008662414781034,0.029765285551548004,21.55133056640625,1,356,0.01,0.0020361151546239853,2.5437090396881104,0.02747320555150509,nan,nan,nan,nan,nan
2,3,256,0.01,0.001,512,0,250,200,16,"[0.1, 0.25]",1.0,False,10,10.0,20,0,207,False,0.0018443387353958857,2.5729574856065214,0.0346681766462531,0.02944924309849739,1.240134358406067,1,359,0.01,0.0016495359595865011,2.5974550247192383,0.027624086206778885,nan,nan,nan,nan,nan
2,3,256,0.01,0.001,512,0,250,200,16,"[0.1, 0.25]",1.0,False,10,10.0,20,0,208,False,0.0038042796108067618,2.622827278505879,0.11180452169929263,0.02980688028037548,255.02442932128906,10,373,0.01,0.001988706411793828,2.5479297637939453,0.02746800404973328,nan,nan,nan,nan,nan
2,3,256,0.01,0.001,512,0,250,200,16,"[0.1, 0.25]",1.0,False,10,10.0,20,0,209,False,0.0018246242218578589,2.5742732651947366,0.03452673893106995,0.02989986352622509,0.5554186105728149,0,374,0.01,0.0017166847828775644,2.5847859382629395,0.02756454416550696,nan,nan,nan,nan,nan
2,3,256,0.01,0.001,512,0,250,200,16,"[0.1, 0.25]",1.0,False,10,10.0,20,0,210,False,0.036461316092504616,2.5796191123231975,5.1525947015536415,0.02978554181754589,22590.197265625,4,379,0.01,0.0017533238278701901,2.5768773555755615,0.027522097383625807,46.804032228677315,8.071223522776394,94.65625,87.42916666666666,91.37083333333334
2,3,256,0.01,0.001,512,0,250,200,16,"[0.1, 0.25]",1.0,False,10,10.0,20,0,211,False,0.0018414135813485638,2.5712872657467805,0.035165723592298796,0.029644738882780075,5.498128890991211,2,381,0.01,0.0022490567062050104,2.531416416168213,0.02756322086788714,nan,nan,nan,nan,nan
2,3,256,0.01,0.001,512,0,250,200,16,"[0.1, 0.25]",1.0,False,10,10.0,20,0,212,False,0.0018588907507994126,2.576537228644662,0.03431800093393225,0.029148733243346214,0.8477017283439636,0,384,0.01,0.0016558339120820165,2.580864667892456,0.027464480591006576,nan,nan,nan,nan,nan
2,3,256,0.01,0.001,512,0,250,200,16,"[0.1, 0.25]",1.0,False,10,10.0,20,0,213,False,0.0018538527834384769,2.573474568035314,0.03447880441161893,0.029488060623407364,2.0478599071502686,1,385,0.01,0.0021838557440787554,2.5770204067230225,0.02795405981130898,nan,nan,nan,nan,nan
2,3,256,0.01,0.001,512,0,250,200,16,"[0.1, 0.25]",1.0,False,10,10.0,20,0,214,False,0.0018358381972772325,2.572433461114614,0.034295860409150974,0.02959064207971096,0.5135541558265686,0,387,0.01,0.0017881355015560985,2.559091806411743,0.02737905356567353,nan,nan,nan,nan,nan
2,3,256,0.01,0.001,512,0,250,200,16,"[0.1, 0.25]",1.0,False,10,10.0,20,0,215,False,0.005090102851624884,2.5952861486973626,0.1580139277959588,0.029206926003098488,706.3340454101562,7,395,0.01,0.001741791027598083,2.5896964073181152,0.027638755100779237,nan,nan,nan,nan,nan
2,3,256,0.01,0.001,512,0,250,200,16,"[0.1, 0.25]",1.0,False,10,10.0,20,0,216,False,0.002140654258671293,2.595025059036192,0.08003717541146468,0.029614320024847984,168.72142028808594,6,402,0.01,0.0016235861694440246,2.5862855911254883,0.02748644208069891,nan,nan,nan,nan,nan
2,3,256,0.01,0.001,512,0,250,200,16,"[0.1, 0.25]",1.0,False,10,10.0,20,0,217,False,0.0018401579929796506,2.5734118660496232,0.034291158952135754,0.029797736555337906,0.42811205983161926,0,403,0.01,0.001658145454712212,2.573352336883545,0.02739166882354766,nan,nan,nan,nan,nan
2,3,256,0.01,0.001,512,0,250,200,16,"[0.1, 0.25]",1.0,False,10,10.0,20,0,218,False,0.12757841033755654,2.8511559193570357,8.661828430228798,0.02956470288336277,39193.22265625,15,420,0.01,0.0018230973510071635,2.57112455368042,0.027534342887811362,nan,nan,nan,nan,nan
2,3,256,0.01,0.001,512,0,250,200,16,"[0.1, 0.25]",1.0,False,10,10.0,20,0,219,False,0.0018354381298680779,2.5729386079563374,0.034387320305455236,0.02965904399752617,1.125664472579956,1,421,0.01,0.0017612872179597616,2.5804531574249268,0.02756581879220903,nan,nan,nan,nan,nan
2,3,256,0.01,0.001,512,0,250,200,16,"[0.1, 0.25]",1.0,False,10,10.0,20,0,220,False,0.0020376047892258164,2.6531440622290834,0.0676652022398814,0.0294333603233099,147.5853729248047,9,433,0.01,0.0018112643156200647,2.5744800567626953,0.02755606488324702,50.07221497296586,8.248903105073218,94.1875,86.17500000000001,90.05
2,3,256,0.01,0.001,512,0,250,200,16,"[0.1, 0.25]",1.0,False,10,10.0,20,0,221,False,0.0018453810415372542,2.57249265617197,0.0344502807422726,0.02950046956539154,0.6837112903594971,0,434,0.01,0.0016261000419035554,2.599599838256836,0.027622098424471914,nan,nan,nan,nan,nan
2,3,256,0.01,0.001,512,0,250,200,16,"[0.1, 0.25]",1.0,False,10,10.0,20,0,222,False,0.0018337564048348796,2.580515025686731,0.03433583637279513,0.029675060883164406,1.0205464363098145,1,435,0.01,0.0015775676583871245,2.5938427448272705,0.02751599510665983,nan,nan,nan,nan,nan
2,3,256,0.01,0.001,512,0,250,200,16,"[0.1, 0.25]",1.0,False,10,10.0,20,0,223,False,0.0018465486556601552,2.571059800305354,0.03426644782559302,0.029288746416568756,1.2265523672103882,1,437,0.01,0.0018988107331097126,2.5543622970581055,0.027442433703690768,nan,nan,nan,nan,nan
2,3,256,0.01,0.001,512,0,250,200,16,"[0.1, 0.25]",1.0,False,10,10.0,20,0,224,False,0.0018245919145387815,2.572236653756657,0.03451421949132111,0.029404353350400925,0.40083467960357666,0,438,0.01,0.0015214435989037156,2.5943374633789062,0.02746481823269278,nan,nan,nan,nan,nan
2,3,256,0.01,0.001,512,0,250,200,16,"[0.1, 0.25]",1.0,False,10,10.0,20,0,225,False,0.0018227419669830393,2.5723844037751626,0.03450358136346018,0.029494423419237137,2.326657295227051,2,441,0.01,0.0015119905583560467,2.5917203426361084,0.027429193984717132,nan,nan,nan,nan,nan
2,3,256,0.01,0.001,512,0,250,200,16,"[0.1, 0.25]",1.0,False,10,10.0,20,0,226,False,0.0030273498579976186,2.5767914287809095,0.33844560509682986,0.029482055455446243,2398.136474609375,4,446,0.01,0.0016564464895054698,2.5727903842926025,0.027384350332431497,nan,nan,nan,nan,nan
2,3,256,0.01,0.001,512,0,250,200,16,"[0.1, 0.25]",1.0,False,10,10.0,20,0,227,False,0.00184996785299551,2.5700771059591827,0.034346211086096486,0.029624979943037033,0.7621795535087585,0,447,0.01,0.002157233189791441,2.529155969619751,0.027448792885988952,nan,nan,nan,nan,nan
2,3,256,0.01,0.001,512,0,250,200,16,"[0.1, 0.25]",1.0,False,10,10.0,20,0,228,False,0.0018267398087777268,2.573662446836813,0.03490267161673394,0.029598457738757133,3.386958122253418,1,452,0.01,0.001570232561789453,2.5792860984802246,0.0273630935465917,nan,nan,nan,nan,nan
2,3,256,0.01,0.001,512,0,250,200,16,"[0.1, 0.25]",1.0,False,10,10.0,20,0,229,False,0.0018307195912383276,2.5735972832153164,0.03787071978889094,0.02955482341349125,28.280513763427734,1,455,0.01,0.0015672773588448763,2.5734660625457764,0.02730193798430264,nan,nan,nan,nan,nan
2,3,256,0.01,0.001,512,0,250,200,16,"[0.1, 0.25]",1.0,False,10,10.0,20,0,230,False,0.011379325378988352,2.5801366132271593,1.8287284582405854,0.029868507757782936,15116.1982421875,3,458,0.01,0.0017098903190344572,2.5828351974487305,0.027538242293521763,46.739321895780584,8.208276531536363,94.65625,86.35416666666666,90.62083333333334
2,3,256,0.01,0.001,512,0,250,200,16,"[0.1, 0.25]",1.0,False,10,10.0,20,0,231,False,0.0018156398813490768,2.571269660639032,0.03433731994186269,0.029371052980422974,0.7453696727752686,0,460,0.01,0.0017810025019571185,2.5669147968292236,0.027450150470249356,nan,nan,nan,nan,nan
2,3,256,0.01,0.001,512,0,250,200,16,"[0.1, 0.25]",1.0,False,10,10.0,20,0,232,False,0.004935767448212203,2.5908758175126567,0.27716275671076246,0.02958620712161064,1605.116455078125,4,468,0.01,0.0017143947770819068,2.5789988040924072,0.02750438281800598,nan,nan,nan,nan,nan
2,3,256,0.01,0.001,512,0,250,200,16,"[0.1, 0.25]",1.0,False,10,10.0,20,0,233,False,0.001818617290887706,2.5656224765971585,0.03466952646600639,0.029629670083522797,0.813116192817688,0,469,0.01,0.002041685162112117,2.5647337436676025,0.02768902259878814,nan,nan,nan,nan,nan
2,3,256,0.01,0.001,512,0,250,200,16,"[0.1, 0.25]",1.0,False,10,10.0,20,0,234,False,0.0018294591730803472,2.5639622914496467,0.034649822263675474,0.029675833880901337,0.6181694865226746,0,471,0.01,0.0018770380411297083,2.5531482696533203,0.027408520737662912,nan,nan,nan,nan,nan
2,3,256,0.01,0.001,512,0,250,200,16,"[0.1, 0.25]",1.0,False,10,10.0,20,0,235,False,0.001832502608514435,2.5650215061251083,0.034566210824987766,0.029646633192896843,0.634321391582489,0,473,0.01,0.0016700830310583115,2.567005157470703,0.027340134605765343,nan,nan,nan,nan,nan
2,3,256,0.01,0.001,512,0,250,200,16,"[0.1, 0.25]",1.0,False,10,10.0,20,0,236,False,0.030258076580307918,2.6055459650822272,57.541229431788565,0.030003497377038002,486890.9375,4,482,0.01,0.001860296237282455,2.561361312866211,0.027473909365944564,nan,nan,nan,nan,nan
2,3,256,0.01,0.001,512,0,250,200,16,"[0.1, 0.25]",1.0,False,10,10.0,20,0,237,False,0.0018021179463992606,2.574339232611717,0.03679639368872637,0.03000703826546669,16.321876525878906,2,485,0.01,0.00157466484233737,2.5742530822753906,0.027317195665091276,nan,nan,nan,nan,nan
2,3,256,0.01,0.001,512,0,250,200,16,"[0.1, 0.25]",1.0,False,10,10.0,20,0,238,False,0.0017846437312965446,2.5642528679467804,0.03485475126989054,0.02973400056362152,1.4091033935546875,2,489,0.01,0.0020075682550668716,2.5590155124664307,0.027597723379731178,nan,nan,nan,nan,nan
2,3,256,0.01,0.001,512,0,250,200,16,"[0.1, 0.25]",1.0,False,10,10.0,20,0,239,False,0.0018154227387970042,2.5612991751612717,0.03482805916692621,0.029683608561754227,1.0274792909622192,1,491,0.01,0.001759028877131641,2.554642915725708,0.027305458034388722,nan,nan,nan,nan,nan
2,3,256,0.01,0.001,512,0,250,200,16,"[0.1, 0.25]",1.0,False,10,10.0,20,0,240,False,0.16263777387110603,2.6061268748871744,8.369552989733457,0.02959693782031536,70049.875,8,500,0.01,0.001653157058171928,2.572204351425171,0.02737520057242364,45.39629595829713,7.646684988929799,94.6875,87.70416666666668,90.62083333333334
2,3,256,0.01,0.001,512,0,250,200,16,"[0.1, 0.25]",1.0,False,10,10.0,20,0,241,False,0.001884736793530871,2.562427412730137,0.044973812999357966,0.029732204973697662,87.5509033203125,1,500,0.01,0.0019735884852707386,2.53704833984375,0.02734407188370824,nan,nan,nan,nan,nan
2,3,256,0.01,0.001,512,0,250,200,16,"[0.1, 0.25]",1.0,False,10,10.0,20,0,242,False,0.0018244104360359476,2.56194801978148,0.035905578736237606,0.02997085452079773,9.599270820617676,1,500,0.01,0.001840428914874792,2.553429365158081,0.027374722566455602,nan,nan,nan,nan,nan
2,3,256,0.01,0.001,512,0,250,200,16,"[0.1, 0.25]",1.0,False,10,10.0,20,0,243,False,0.001784917037472495,2.561033265450538,0.03438361770263169,0.02968001738190651,0.48739510774612427,0,500,0.01,0.0019803999457508326,2.542923927307129,0.027409639218822123,nan,nan,nan,nan,nan
2,3,256,0.01,0.001,512,0,250,200,16,"[0.1, 0.25]",1.0,False,10,10.0,20,0,244,False,0.0018284212195125813,2.567602856087805,0.04605250827716738,0.02939421311020851,57.45571517944336,2,500,0.01,0.001691872370429337,2.578084707260132,0.027472719443030657,nan,nan,nan,nan,nan
2,3,256,0.01,0.001,512,0,250,200,16,"[0.1, 0.25]",1.0,False,10,10.0,20,0,245,False,0.0017962588660832177,2.56613290325947,0.04092988067090765,0.029818851500749588,55.0545654296875,1,500,0.01,0.0019525934476405382,2.5386292934417725,0.027338886382058263,nan,nan,nan,nan,nan
2,3,256,0.01,0.001,512,0,250,200,16,"[0.1, 0.25]",1.0,False,10,10.0,20,0,246,False,0.0017763055012175518,2.5631998855453917,0.03500903066812817,0.029671750962734222,2.3127212524414062,2,500,0.01,0.0016808576183393598,2.5795505046844482,0.027476362665183843,nan,nan,nan,nan,nan
2,3,256,0.01,0.001,512,0,250,200,16,"[0.1, 0.25]",1.0,False,10,10.0,20,0,247,False,0.001843918117837543,2.5667242905903835,0.03904343621911423,0.029731804504990578,19.960765838623047,3,500,0.01,0.0019108440028503537,2.5277369022369385,0.02718821302521974,nan,nan,nan,nan,nan
2,3,256,0.01,0.001,512,0,250,200,16,"[0.1, 0.25]",1.0,False,10,10.0,20,0,248,False,0.0022472338159790417,2.5558043296534363,1.1311832217013933,0.029973939061164856,9286.4345703125,1,500,0.01,0.0020535981748253107,2.5405237674713135,0.027458835849538447,nan,nan,nan,nan,nan
2,3,256,0.01,0.001,512,0,250,200,16,"[0.1, 0.25]",1.0,False,10,10.0,20,0,249,False,0.08450412705839423,2.562586302375362,1.8544691348693458,0.030058352276682854,14980.8818359375,2,500,0.01,0.001734267920255661,2.5551295280456543,0.027285563200712206,nan,nan,nan,nan,nan
2,3,256,0.01,0.001,512,0,250,200,16,"[0.1, 0.25]",1.0,False,10,10.0,20,0,250,True,0.0020259090305103653,2.568376512532154,0.06310726643149009,0.02984931692481041,119.28063201904297,5,500,0.01,0.0013443052303045988,2.6117544174194336,0.027461849404498934,49.218465907336316,8.329234042728093,94.53125,85.89583333333334,90.77083333333336
