spike,epoch,batch,of_batches,time,gnorm,typical_gnorm,ratio,clipped,batch_mse,batch_kl,beta
1,21,814,8471,02:14:36,0.3035,0.0271,11.2,0,0.001982,3.0181,0.0028
2,22,5230,8471,02:15:19,0.4083,0.0273,15.0,0,0.004013,3.0156,0.0029
3,25,1587,8471,02:16:31,0.3222,0.0279,11.5,0,0.004573,2.9248,0.0033
4,26,5669,8471,02:17:12,0.4072,0.0284,14.4,0,0.002866,2.8735,0.0035
5,27,3211,8471,02:17:32,1.6446,0.0288,57.1,1,0.009765,3.1972,0.0036
6,27,7181,8471,02:17:45,0.3185,0.0285,11.2,0,0.004881,2.9924,0.0036
7,29,2378,8471,02:18:25,90.0989,0.0294,3063.6,1,5.376558,24.9357,0.0039
8,29,2379,8471,02:18:26,633.5435,0.0294,21542.1,1,51.452343,46.0520,0.0039
9,29,2380,8471,02:18:26,1289.4071,0.0294,43843.0,1,51.686188,134.0711,0.0039
10,29,2381,8471,02:18:26,175.4617,0.0294,5966.1,1,9.582867,72.0006,0.0039
11,29,2382,8471,02:18:26,485.8115,0.0294,16518.8,1,19.207417,89.1381,0.0039
12,29,2383,8471,02:18:26,34.8789,0.0294,1186.0,1,1.728144,46.0287,0.0039
13,29,2384,8471,02:18:26,204.0666,0.0294,6938.8,1,9.179077,108.5470,0.0039
14,29,2385,8471,02:18:26,112.3021,0.0294,3818.6,1,0.579703,6.1405,0.0039
15,29,2387,8471,02:18:26,1.2847,0.0295,43.6,1,0.067246,46.0317,0.0039
16,29,2390,8471,02:18:26,2.4912,0.0295,84.3,1,0.021948,8.8093,0.0039
17,31,3414,8471,02:19:26,0.3305,0.0303,10.9,0,0.003033,2.8636,0.0041
18,34,5137,8471,02:20:55,0.3256,0.0311,10.5,0,0.001209,2.8834,0.0045
19,37,5249,8471,02:22:20,0.3500,0.0320,10.9,0,0.002071,2.8449,0.0049
20,38,3191,8471,02:22:41,0.4524,0.0323,14.0,0,0.003209,2.8681,0.0051
21,38,7636,8471,02:22:56,0.4195,0.0323,13.0,0,0.002518,2.7907,0.0051
22,39,8125,8471,02:23:25,0.5862,0.0324,18.1,0,0.005455,2.9094,0.0052
23,40,7376,8471,02:23:51,0.4370,0.0328,13.3,0,0.004913,2.8556,0.0053
24,42,4047,8471,02:24:37,0.3308,0.0330,10.0,0,0.002203,2.7890,0.0056
25,45,6031,8471,02:26:08,0.6264,0.0339,18.5,0,0.001368,2.8618,0.0060
26,47,5147,8471,02:27:01,2.4132,0.0344,70.2,1,0.023983,2.8544,0.0063
27,51,476,8471,02:28:38,1.2813,0.0353,36.3,1,0.002572,2.8206,0.0068
28,51,3676,8471,02:28:49,1.8994,0.0351,54.1,1,0.005777,3.0272,0.0068
29,52,7698,8471,02:29:30,0.3603,0.0356,10.1,0,0.002200,2.7667,0.0069
30,53,8172,8471,02:30:00,3.8636,0.0360,107.3,1,0.029531,2.8553,0.0071
31,54,4016,8471,02:30:14,0.4507,0.0357,12.6,0,0.004625,2.7644,0.0072
32,58,2334,8471,02:32:00,0.9401,0.0368,25.6,0,0.001621,2.6871,0.0077
33,58,7534,8471,02:32:18,0.6053,0.0367,16.5,0,0.006598,2.8003,0.0077
34,59,2502,8471,02:32:29,928.7530,0.0367,25324.9,1,8.579558,3.7159,0.0079
35,62,6176,8471,02:34:06,0.3718,0.0371,10.0,0,0.004529,2.7159,0.0083
36,62,6177,8471,02:34:06,2.3768,0.0371,64.1,1,0.005069,2.7701,0.0083
37,63,2451,8471,02:34:22,0.4860,0.0374,13.0,0,0.003502,2.7231,0.0084
38,63,5158,8471,02:34:30,1575.1058,0.0376,41868.3,1,83.901047,24.2328,0.0084
39,63,5162,8471,02:34:30,77755.0938,0.0376,2065830.6,1,857.034668,72.6286,0.0084
40,63,5164,8471,02:34:30,23784.6270,0.0377,631526.3,1,1973.396973,67.4535,0.0084
41,63,5166,8471,02:34:30,1579.5225,0.0377,41935.0,1,80.135139,27.3970,0.0084
42,63,5167,8471,02:34:30,0.4292,0.0377,11.4,0,0.004927,2.7477,0.0084
43,66,1794,8471,02:35:43,0.4021,0.0379,10.6,0,0.002007,2.6621,0.0088
44,68,2596,8471,02:36:42,0.8141,0.0382,21.3,0,0.003654,2.6488,0.0091
45,70,2031,8471,02:37:36,3.4225,0.0381,89.9,1,0.023424,2.7205,0.0093
46,70,7562,8471,02:37:54,0.6299,0.0381,16.5,0,0.004143,2.6998,0.0093
47,72,2438,8471,02:38:34,1.1540,0.0384,30.0,1,0.002243,2.6609,0.0096
48,76,3520,8471,02:40:31,0.4171,0.0384,10.9,0,0.003792,2.7134,0.0100
49,77,1811,8471,02:40:53,0.4099,0.0383,10.7,0,0.005320,2.6411,0.0100
50,77,1826,8471,02:40:53,0.4042,0.0383,10.6,0,0.002487,2.6615,0.0100
51,79,2456,8471,02:41:51,203.2378,0.0383,5305.1,1,1.580300,2.6380,0.0100
52,82,5779,8471,02:43:27,1.2178,0.0377,32.3,1,0.007744,2.6416,0.0100
53,82,5784,8471,02:43:27,610.0878,0.0377,16176.3,1,17.606617,2.8801,0.0100
54,84,6008,8471,02:44:24,1.2948,0.0375,34.5,1,0.005479,2.6559,0.0100
55,85,7959,8471,02:44:58,0.4410,0.0377,11.7,0,0.002516,2.7088,0.0100
56,86,1628,8471,02:45:05,0.4519,0.0374,12.1,0,0.003146,2.5777,0.0100
57,87,7801,8471,02:45:54,198.2242,0.0376,5271.7,1,0.523375,2.6817,0.0100
58,90,1682,8471,02:46:58,23.3975,0.0373,627.3,1,0.327068,2.7876,0.0100
59,91,8138,8471,02:47:48,0.5953,0.0376,15.8,0,0.003928,2.6853,0.0100
60,92,2556,8471,02:47:58,1.8895,0.0374,50.5,1,0.006669,2.6551,0.0100
61,93,4677,8471,02:48:33,308.4982,0.0375,8223.7,1,12.103315,2.7422,0.0100
62,95,646,8471,02:49:16,55.3752,0.0365,1515.7,1,0.047470,2.6745,0.0100
63,95,7536,8471,02:49:39,14.0148,0.0374,374.6,1,0.412332,2.6320,0.0100
64,97,2591,8471,02:50:19,0.3895,0.0372,10.5,0,0.004049,2.6197,0.0100
65,98,5296,8471,02:50:56,0.4166,0.0377,11.1,0,0.002249,2.6491,0.0100
66,98,8072,8471,02:51:05,124471.1094,0.0376,3310513.6,1,13105.404297,24.1982,0.0100
67,98,8075,8471,02:51:05,1188.8973,0.0376,31618.3,1,2.449394,2.9404,0.0100
68,101,768,8471,02:52:05,0.5416,0.0374,14.5,0,0.004545,2.6511,0.0100
69,102,446,8471,02:52:32,0.8281,0.0381,21.8,0,0.003579,2.6580,0.0100
70,102,447,8471,02:52:32,11371.8125,0.0381,298754.2,1,43.671337,9.5448,0.0100
71,102,5471,8471,02:52:49,1112311.7500,0.0372,29886630.2,1,2099.524414,9.2870,0.0100
72,102,6445,8471,02:52:52,0.4928,0.0372,13.3,0,0.005886,2.5874,0.0100
73,104,5152,8471,02:53:44,14.2531,0.0372,382.7,1,0.002423,7.4236,0.0100
74,106,3435,8471,02:54:35,545.9175,0.0377,14465.1,1,0.848807,6.5805,0.0100
75,107,7051,8471,02:55:16,0.5370,0.0370,14.5,0,0.007783,2.5858,0.0100
76,108,4519,8471,02:55:35,0.7652,0.0373,20.5,0,0.006869,2.5960,0.0100
77,108,6936,8471,02:55:43,3.6415,0.0373,97.6,1,0.003488,2.6196,0.0100
78,109,3241,8471,02:55:59,12.6472,0.0368,343.7,1,0.011467,2.6038,0.0100
79,111,3194,8471,02:56:56,0.4881,0.0368,13.3,0,0.001926,2.5845,0.0100
80,113,2412,8471,02:57:49,0.7649,0.0370,20.7,0,0.004039,2.5235,0.0100
81,113,4755,8471,02:57:57,2.0279,0.0371,54.6,1,0.042071,2.6842,0.0100
82,114,1858,8471,02:58:16,220550.1719,0.0371,5947129.9,1,1695.828979,30.1533,0.0100
83,114,1860,8471,02:58:16,19792.2598,0.0371,533757.2,1,996.667480,28.9080,0.0100
84,114,1862,8471,02:58:16,116226.2031,0.0371,3129565.2,1,12933.111328,45.6432,0.0100
85,114,1863,8471,02:58:16,1.2583,0.0371,33.9,1,0.004702,2.8661,0.0100
86,114,1864,8471,02:58:16,41638.1289,0.0371,1121169.2,1,2813.614746,45.6674,0.0100
87,114,1872,8471,02:58:16,103.5629,0.0372,2783.1,1,0.037345,24.4007,0.0100
88,114,1880,8471,02:58:16,105.8440,0.0372,2841.9,1,0.125610,2.6652,0.0100
89,117,1089,8471,02:59:38,301.4482,0.0374,8067.5,1,1.531881,2.6249,0.0100
90,117,3208,8471,02:59:45,1.1609,0.0370,31.4,1,0.003868,2.5849,0.0100
91,117,7962,8471,03:00:00,0.7030,0.0370,19.0,0,0.004132,2.6517,0.0100
92,119,4581,8471,03:00:45,6029.7583,0.0367,164410.9,1,87.741241,2.7390,0.0100
93,121,6992,8471,03:01:50,98973.2266,0.0369,2684631.8,1,11234.280273,24.0815,0.0100
94,121,6993,8471,03:01:50,362333.1562,0.0369,9828224.6,1,887.972656,20.9110,0.0100
95,122,5972,8471,03:02:15,106.9906,0.0370,2893.0,1,0.133714,2.6516,0.0100
96,122,8413,8471,03:02:23,61.0492,0.0368,1657.3,1,0.474547,2.5791,0.0100
97,123,3489,8471,03:02:35,0.9598,0.0367,26.1,0,0.001578,2.6379,0.0100
98,124,3440,8471,03:03:03,2750975.2500,0.0366,75217248.4,1,42076.183594,25.4243,0.0100
99,124,3441,8471,03:03:03,334834.0625,0.0366,9155043.1,1,28717.218750,46.9063,0.0100
100,124,3443,8471,03:03:03,22283.3496,0.0366,609168.1,1,1419.904541,45.9111,0.0100
101,124,3444,8471,03:03:03,817448.6250,0.0366,22346892.1,1,64680.007812,127.6483,0.0100
102,124,3446,8471,03:03:03,12785.8955,0.0366,349378.7,1,623.868347,52.3415,0.0100
103,124,3448,8471,03:03:03,63544.6953,0.0366,1735389.2,1,5176.239258,49.1910,0.0100
104,124,3449,8471,03:03:03,57416.5664,0.0366,1568031.6,1,5163.013184,99.2113,0.0100
105,124,3452,8471,03:03:03,99087.2266,0.0367,2703365.0,1,7304.499512,89.4510,0.0100
106,124,3455,8471,03:03:03,0.6600,0.0367,18.0,0,0.006651,2.5568,0.0100
107,124,3456,8471,03:03:03,21249.4492,0.0367,578949.6,1,1264.398682,47.0505,0.0100
108,124,3460,8471,03:03:03,5824.7031,0.0367,158581.2,1,326.050171,24.2174,0.0100
109,124,3474,8471,03:03:03,0.4337,0.0368,11.8,0,0.004496,2.7857,0.0100
110,126,2210,8471,03:03:55,0.6245,0.0374,16.7,0,0.003482,2.6657,0.0100
111,126,4764,8471,03:04:03,0.6710,0.0369,18.2,0,0.004884,2.6244,0.0100
112,127,8164,8471,03:04:42,0.4593,0.0368,12.5,0,0.003778,2.6184,0.0100
113,128,408,8471,03:04:45,37.6804,0.0372,1011.7,1,0.212205,2.5839,0.0100
114,128,5771,8471,03:05:03,0.8311,0.0368,22.6,0,0.002506,2.6385,0.0100
115,128,7237,8471,03:05:07,0.5225,0.0369,14.2,0,0.004227,2.6146,0.0100
116,129,3851,8471,03:05:24,77.5112,0.0369,2098.7,1,0.207409,2.6701,0.0100
117,129,6646,8471,03:05:34,5332.7983,0.0369,144383.7,1,9.432365,3.1447,0.0100
118,131,472,8471,03:06:10,14.9059,0.0355,419.7,1,0.045923,2.5776,0.0100
119,132,2737,8471,03:06:45,27.7316,0.0374,742.1,1,0.326864,2.5750,0.0100
120,132,2757,8471,03:06:45,60.5142,0.0374,1616.6,1,0.874241,2.6490,0.0100
121,132,7513,8471,03:07:01,1.1568,0.0373,31.0,1,0.002448,2.5346,0.0100
122,133,5088,8471,03:07:21,0.7680,0.0376,20.4,0,0.006600,2.6564,0.0100
123,134,7531,8471,03:07:57,179249.7812,0.0373,4806363.9,1,172.677246,7.2557,0.0100
124,135,2673,8471,03:08:09,0.4301,0.0372,11.6,0,0.003332,2.5873,0.0100
125,136,4910,8471,03:08:45,24857.4238,0.0373,667007.1,1,80.669800,3.4652,0.0100
126,136,5634,8471,03:08:47,9398.7051,0.0373,251736.4,1,44.672039,2.7590,0.0100
127,138,3173,8471,03:09:36,129310.3750,0.0372,3474330.2,1,373.320190,9.3497,0.0100
128,139,3411,8471,03:10:06,0.4733,0.0370,12.8,0,0.005553,2.6060,0.0100
129,139,8082,8471,03:10:21,363.9051,0.0371,9804.5,1,2.964786,2.6591,0.0100
130,140,73,8471,03:10:23,69.4829,0.0381,1824.4,1,0.147493,2.5631,0.0100
131,140,4707,8471,03:10:38,3.2978,0.0366,90.2,1,0.021664,2.6832,0.0100
132,140,4764,8471,03:10:39,8.0764,0.0366,220.4,1,0.170397,2.6320,0.0100
133,143,8208,8471,03:12:15,33451.4922,0.0370,904128.8,1,70.559036,3.3263,0.0100
134,144,6955,8471,03:12:39,1.6356,0.0367,44.5,1,0.002671,2.5996,0.0100
135,145,3737,8471,03:12:56,12613.1787,0.0369,342117.2,1,838.801514,24.1532,0.0100
136,145,3742,8471,03:12:56,324807.0312,0.0369,8802600.6,1,12183.535156,48.1227,0.0100
137,145,5057,8471,03:13:01,0.5481,0.0368,14.9,0,0.002270,2.5938,0.0100
138,146,3347,8471,03:13:23,0.4142,0.0367,11.3,0,0.005599,2.5714,0.0100
139,146,3577,8471,03:13:24,314.4908,0.0368,8546.6,1,0.338774,2.5642,0.0100
140,147,6139,8471,03:14:01,1.2550,0.0364,34.4,1,0.003629,2.6065,0.0100
141,147,6142,8471,03:14:01,612919.3125,0.0364,16816564.0,1,54618.230469,93.2618,0.0100
142,147,6143,8471,03:14:01,1296406.2500,0.0364,35569280.1,1,150474.046875,95.6429,0.0100
143,147,6144,8471,03:14:01,10915.0391,0.0364,299474.1,1,749.176453,24.4806,0.0100
144,147,6145,8471,03:14:01,57383.7227,0.0364,1574427.5,1,3478.542480,56.2725,0.0100
145,147,6146,8471,03:14:01,46901.6406,0.0364,1286832.4,1,2549.596680,72.5784,0.0100
146,147,6147,8471,03:14:01,97569.6328,0.0364,2677001.6,1,6565.675781,123.1824,0.0100
147,147,6148,8471,03:14:01,28043.2324,0.0364,769417.4,1,1809.930664,119.1276,0.0100
148,147,6149,8471,03:14:01,110405.4453,0.0364,3029175.6,1,4091.784912,183.0204,0.0100
149,147,6150,8471,03:14:01,122872.8906,0.0364,3371242.8,1,6358.828125,125.5717,0.0100
150,147,6152,8471,03:14:01,64130.5742,0.0365,1758123.0,1,3022.328857,138.6170,0.0100
151,147,6153,8471,03:14:01,128988.8359,0.0365,3536195.3,1,9341.175781,75.6294,0.0100
152,147,6155,8471,03:14:01,166.8130,0.0365,4570.5,1,3.330654,3.3160,0.0100
153,147,6156,8471,03:14:01,11544.4219,0.0365,316302.6,1,618.580322,26.4559,0.0100
154,147,6157,8471,03:14:01,2056.6562,0.0365,56349.8,1,45.649990,52.2734,0.0100
155,147,6158,8471,03:14:01,142.2148,0.0365,3896.5,1,8.534555,50.8433,0.0100
156,147,6162,8471,03:14:01,7.7935,0.0366,213.2,1,0.047853,2.6227,0.0100
157,150,5894,8471,03:15:24,0.3962,0.0364,10.9,0,0.003805,2.5748,0.0100
158,151,3300,8471,03:15:44,55.3382,0.0365,1517.2,1,0.062718,2.6234,0.0100
159,152,4967,8471,03:16:18,4.5233,0.0362,124.9,1,0.011449,2.6315,0.0100
160,153,3174,8471,03:16:40,0.3716,0.0365,10.2,0,0.001484,2.5893,0.0100
161,153,4287,8471,03:16:44,0.4734,0.0364,13.0,0,0.001776,2.5593,0.0100
162,154,2212,8471,03:17:05,6.6489,0.0359,185.3,1,0.193187,2.7472,0.0100
163,154,2515,8471,03:17:06,2081.9900,0.0362,57575.5,1,41.431969,2.8192,0.0100
164,154,2517,8471,03:17:06,19.2424,0.0362,532.1,1,0.105475,2.5570,0.0100
165,155,606,8471,03:17:28,38188.3398,0.0362,1054209.7,1,2830.142578,24.2444,0.0100
166,155,2493,8471,03:17:34,1.0524,0.0364,28.9,1,0.004712,2.5540,0.0100
167,155,4672,8471,03:17:42,0.8049,0.0365,22.1,0,0.001264,2.6158,0.0100
168,155,4859,8471,03:17:42,0.5457,0.0365,14.9,0,0.007265,2.5980,0.0100
169,155,4868,8471,03:17:42,71696.5234,0.0365,1964219.6,1,4712.422852,38.3002,0.0100
170,155,4889,8471,03:17:42,1.8877,0.0365,51.7,1,0.005134,3.1552,0.0100
171,155,4891,8471,03:17:42,178706.6406,0.0365,4893216.3,1,14956.998047,28.8535,0.0100
172,155,4892,8471,03:17:42,65720.8203,0.0365,1799520.1,1,6632.020996,24.4202,0.0100
173,155,4893,8471,03:17:42,5511.2280,0.0365,150904.5,1,148.767380,24.8960,0.0100
174,155,4894,8471,03:17:42,117762.6016,0.0365,3224490.6,1,7532.922852,24.1554,0.0100
175,155,4896,8471,03:17:42,98.9986,0.0365,2710.0,1,3.283594,46.4271,0.0100
176,155,4899,8471,03:17:42,68268.3516,0.0365,1867955.1,1,5753.039062,68.7985,0.0100
177,155,4900,8471,03:17:42,1380.2928,0.0365,37767.5,1,83.594673,79.4602,0.0100
178,155,4901,8471,03:17:42,17327.6895,0.0365,474119.3,1,1940.539917,67.4199,0.0100
179,155,4902,8471,03:17:42,90627.9141,0.0365,2479756.3,1,1421.550537,77.5103,0.0100
180,155,4903,8471,03:17:43,25986.6680,0.0365,711045.9,1,1860.755127,139.7988,0.0100
181,155,4904,8471,03:17:43,4738.6948,0.0365,129659.9,1,283.221802,92.4288,0.0100
182,155,4905,8471,03:17:43,5.5157,0.0365,150.9,1,0.023008,2.6291,0.0100
183,155,4906,8471,03:17:43,2542.7932,0.0365,69575.8,1,72.232162,59.8463,0.0100
184,155,4907,8471,03:17:43,23245.1582,0.0365,636032.8,1,50.007153,73.7886,0.0100
185,155,4908,8471,03:17:43,6191.9199,0.0365,169423.0,1,190.277832,157.5478,0.0100
186,155,4909,8471,03:17:43,1682.7673,0.0365,46043.8,1,38.669353,208.8942,0.0100
187,155,4910,8471,03:17:43,1027.6882,0.0365,28119.6,1,35.871231,299.5914,0.0100
188,155,4911,8471,03:17:43,842.8051,0.0365,23060.8,1,16.129829,126.3387,0.0100
189,155,4912,8471,03:17:43,98.2894,0.0365,2689.4,1,4.170168,168.5931,0.0100
190,155,4913,8471,03:17:43,4.7110,0.0365,128.9,1,0.083712,178.9576,0.0100
191,155,4914,8471,03:17:43,30.9070,0.0365,845.7,1,0.577204,96.9693,0.0100
192,155,4915,8471,03:17:43,2.4251,0.0365,66.4,1,0.080206,81.8620,0.0100
193,155,4916,8471,03:17:43,0.9678,0.0365,26.5,0,0.067930,119.1506,0.0100
194,155,4917,8471,03:17:43,2.6993,0.0365,73.9,1,0.055433,124.8927,0.0100
195,155,4918,8471,03:17:43,48.7099,0.0365,1332.8,1,0.591119,79.4193,0.0100
196,156,6499,8471,03:18:16,0.8770,0.0357,24.6,0,0.007002,2.5926,0.0100
197,156,6799,8471,03:18:17,49.6100,0.0357,1389.6,1,1.221264,24.3434,0.0100
198,156,6801,8471,03:18:17,48.6508,0.0357,1362.3,1,0.114369,2.9521,0.0100
199,156,6803,8471,03:18:17,2280.8274,0.0357,63862.3,1,13.875926,24.4799,0.0100
200,156,6804,8471,03:18:17,2.1766,0.0357,60.9,1,0.012230,24.6719,0.0100
201,156,8239,8471,03:18:22,1.3334,0.0357,37.3,1,0.003499,24.4575,0.0100
202,156,8241,8471,03:18:22,8.0461,0.0357,225.1,1,0.004902,24.7337,0.0100
203,157,2355,8471,03:18:31,0.9862,0.0361,27.3,0,0.003954,2.6080,0.0100
204,160,5218,8471,03:20:04,4.0001,0.0359,111.6,1,0.002992,2.6220,0.0100
205,161,7436,8471,03:20:41,256257.2500,0.0358,7163882.0,1,6254.694336,27.5615,0.0100
206,161,7676,8471,03:20:41,70630.6562,0.0358,1971385.8,1,274.702087,11.3062,0.0100
207,162,4835,8471,03:21:00,1915.0897,0.0361,53104.8,1,7.157393,2.6526,0.0100
208,162,6798,8471,03:21:07,1448.1448,0.0359,40325.7,1,54.235882,24.0753,0.0100
209,163,393,8471,03:21:14,26.3702,0.0358,736.2,1,0.077301,3.1900,0.0100
210,163,395,8471,03:21:14,4.1937,0.0360,116.6,1,0.102010,24.2120,0.0100
211,163,396,8471,03:21:14,15771.6396,0.0360,438516.1,1,197.861664,97.9723,0.0100
212,163,397,8471,03:21:14,416.4807,0.0360,11579.9,1,2.966488,28.4241,0.0100
213,163,398,8471,03:21:14,4743.8379,0.0360,131898.1,1,144.804962,88.3248,0.0100
214,163,399,8471,03:21:14,29392.7070,0.0360,817237.5,1,391.781708,48.8516,0.0100
215,163,400,8471,03:21:14,2860.4905,0.0360,79533.3,1,24.246441,49.3222,0.0100
216,163,401,8471,03:21:14,57.4464,0.0360,1597.2,1,1.209404,53.3990,0.0100
217,163,402,8471,03:21:14,175.6553,0.0360,4883.9,1,3.651016,126.5179,0.0100
218,163,405,8471,03:21:14,0.4377,0.0370,11.8,0,0.011289,92.2636,0.0100
219,163,406,8471,03:21:14,0.4217,0.0370,11.4,0,0.010804,70.5310,0.0100
220,163,407,8471,03:21:14,27.1536,0.0370,734.3,1,0.015277,65.9932,0.0100
221,163,412,8471,03:21:14,1.1256,0.0380,29.7,1,0.006541,2.5976,0.0100
222,163,6812,8471,03:21:35,19.1478,0.0360,531.5,1,0.109721,2.8452,0.0100
223,167,2398,8471,03:23:13,10.2381,0.0355,288.5,1,0.044626,2.5833,0.0100
224,167,2399,8471,03:23:13,10.4456,0.0355,294.4,1,0.045482,2.6591,0.0100
225,167,4705,8471,03:23:20,36115.4961,0.0356,1014213.0,1,1299.750610,24.1135,0.0100
226,167,4708,8471,03:23:20,433.6696,0.0356,12180.9,1,9.399277,24.0594,0.0100
227,167,4713,8471,03:23:20,0.5240,0.0356,14.7,0,0.007407,2.5486,0.0100
228,169,7619,8471,03:24:26,15.3256,0.0356,429.9,1,0.096230,2.5898,0.0100
229,170,6355,8471,03:24:50,0.3960,0.0353,11.2,0,0.004926,2.5972,0.0100
230,170,7723,8471,03:24:55,0.3752,0.0354,10.6,0,0.000891,2.5986,0.0100
231,171,2312,8471,03:25:06,15199.1553,0.0352,431809.0,1,691.291626,24.2017,0.0100
232,171,3444,8471,03:25:10,2988.4812,0.0352,84787.8,1,56.929482,25.4845,0.0100
233,171,8332,8471,03:25:26,0.3559,0.0354,10.1,0,0.005830,2.6111,0.0100
234,172,1963,8471,03:25:33,654.2911,0.0357,18317.7,1,13.546546,45.6177,0.0100
235,172,1968,8471,03:25:33,13032.4258,0.0357,364828.0,1,261.538635,24.0874,0.0100
236,172,1969,8471,03:25:34,10.8337,0.0357,303.3,1,0.186166,24.0692,0.0100
237,172,1970,8471,03:25:34,122.9763,0.0357,3442.6,1,1.805360,67.1240,0.0100
238,172,1971,8471,03:25:34,263.4648,0.0357,7375.4,1,2.941889,67.1635,0.0100
239,172,1972,8471,03:25:34,137.3947,0.0357,3846.2,1,1.254457,88.9247,0.0100
240,172,1973,8471,03:25:34,2206.4253,0.0357,61766.4,1,48.586681,90.9117,0.0100
241,172,1974,8471,03:25:34,146.0224,0.0357,4087.7,1,0.352411,83.2147,0.0100
242,172,1975,8471,03:25:34,824.0239,0.0357,23067.6,1,19.919306,333.3242,0.0100
243,172,1976,8471,03:25:34,43.4108,0.0357,1215.2,1,0.709402,244.2955,0.0100
244,172,1977,8471,03:25:34,9.9005,0.0357,277.2,1,0.035508,308.2863,0.0100
245,172,1978,8471,03:25:34,35581.4570,0.0357,996062.6,1,114.565247,329.6277,0.0100
246,172,1979,8471,03:25:34,2384.2810,0.0357,66745.2,1,68.280701,263.9052,0.0100
247,172,1980,8471,03:25:34,10.2550,0.0357,287.1,1,0.028358,461.2267,0.0100
248,172,1981,8471,03:25:34,6.7509,0.0357,189.0,1,0.016992,158.6429,0.0100
249,172,1982,8471,03:25:34,32.1679,0.0357,900.5,1,0.022905,169.4999,0.0100
250,172,1983,8471,03:25:34,12.4582,0.0357,348.8,1,0.013115,92.3959,0.0100
251,172,1986,8471,03:25:34,21.5011,0.0358,600.4,1,0.012131,33.3051,0.0100
252,172,7166,8471,03:25:51,109.1185,0.0358,3052.1,1,1.408473,24.0882,0.0100
253,172,7176,8471,03:25:51,0.3806,0.0358,10.6,0,0.002061,2.8675,0.0100
254,172,7177,8471,03:25:51,336.5941,0.0358,9410.9,1,6.930603,68.0704,0.0100
255,172,7179,8471,03:25:51,39.3480,0.0358,1100.1,1,0.010232,34.4980,0.0100
256,173,3942,8471,03:26:08,7.0651,0.0354,199.7,1,0.431922,2.5812,0.0100
257,173,4060,8471,03:26:09,0.5360,0.0355,15.1,0,0.003837,2.6411,0.0100
258,174,1099,8471,03:26:27,50.8576,0.0349,1457.2,1,0.725079,24.3239,0.0100
259,175,951,8471,03:26:55,84.0698,0.0357,2353.1,1,0.669096,3.2751,0.0100
260,175,2278,8471,03:26:59,0.9338,0.0356,26.2,0,0.003761,2.5598,0.0100
261,177,5130,8471,03:28:05,46616.2305,0.0349,1333803.4,1,382.618958,69.2074,0.0100
262,177,5131,8471,03:28:05,1097.8495,0.0349,31412.1,1,2.573758,62.1281,0.0100
263,177,5132,8471,03:28:05,14.8727,0.0349,425.5,1,0.002118,5.1599,0.0100
264,177,5134,8471,03:28:05,1.6494,0.0350,47.2,1,0.015325,2.7089,0.0100
265,178,668,8471,03:28:19,0.5995,0.0357,16.8,0,0.003189,2.6007,0.0100
266,178,8197,8471,03:28:43,2196.8557,0.0352,62434.9,1,69.172913,24.0846,0.0100
267,179,2989,8471,03:28:55,216.0878,0.0349,6187.5,1,0.126701,3.8423,0.0100
268,180,2373,8471,03:29:21,21.0718,0.0351,600.4,1,0.080763,2.8625,0.0100
269,181,4762,8471,03:29:58,0.6942,0.0354,19.6,0,0.002709,2.6339,0.0100
270,181,4763,8471,03:29:58,3.0227,0.0354,85.4,1,0.056535,24.4937,0.0100
271,181,4769,8471,03:29:58,3.1257,0.0354,88.2,1,0.021926,2.6563,0.0100
272,181,7555,8471,03:30:07,0.6664,0.0353,18.9,0,0.004074,2.5926,0.0100
273,182,3875,8471,03:30:23,1.2759,0.0351,36.3,1,0.002641,2.5992,0.0100
274,182,4142,8471,03:30:24,18.2360,0.0352,518.2,1,0.043723,2.8614,0.0100
275,182,4143,8471,03:30:24,3.5180,0.0352,100.0,1,0.017865,3.2128,0.0100
276,182,4144,8471,03:30:24,903.5717,0.0352,25674.2,1,4.109448,21.6044,0.0100
277,182,4145,8471,03:30:24,0.7383,0.0352,21.0,0,0.003698,2.7209,0.0100
278,182,5671,8471,03:30:29,0.5800,0.0352,16.5,0,0.015310,2.7327,0.0100
279,182,5676,8471,03:30:29,28.9833,0.0352,822.6,1,0.043044,2.6420,0.0100
280,182,5681,8471,03:30:29,0.4690,0.0353,13.3,0,0.006965,3.0290,0.0100
281,182,5684,8471,03:30:29,0.4906,0.0353,13.9,0,0.012675,2.7809,0.0100
282,182,5685,8471,03:30:29,252.6516,0.0353,7161.8,1,0.248878,3.3914,0.0100
283,182,5687,8471,03:30:29,0.5243,0.0353,14.9,0,0.007732,2.6374,0.0100
284,182,5691,8471,03:30:29,0.6548,0.0353,18.6,0,0.005532,2.6514,0.0100
285,183,5359,8471,03:30:56,0.6603,0.0351,18.8,0,0.000948,2.5764,0.0100
286,183,7624,8471,03:31:04,128.7298,0.0350,3680.3,1,0.188702,18.8909,0.0100
287,184,4341,8471,03:31:21,0.3594,0.0352,10.2,0,0.002255,2.5759,0.0100
288,186,4169,8471,03:32:17,0.4424,0.0350,12.6,0,0.001562,2.5424,0.0100
289,186,4850,8471,03:32:20,3031.5356,0.0351,86472.7,1,61.256836,47.0536,0.0100
290,186,4851,8471,03:32:20,1.1724,0.0351,33.4,1,0.007710,2.6424,0.0100
291,186,6818,8471,03:32:26,0.4668,0.0349,13.4,0,0.004972,2.9833,0.0100
292,187,124,8471,03:32:32,0.6622,0.0358,18.5,0,0.003240,2.5894,0.0100
293,187,1785,8471,03:32:38,73.5054,0.0351,2092.4,1,0.315076,5.8363,0.0100
294,187,2264,8471,03:32:40,0.4462,0.0354,12.6,0,0.001976,2.6285,0.0100
295,187,5114,8471,03:32:49,0.7374,0.0349,21.1,0,0.002437,2.6041,0.0100
296,187,6926,8471,03:32:55,0.3847,0.0349,11.0,0,0.006115,24.0323,0.0100
297,190,1471,8471,03:34:02,1.4660,0.0344,42.6,1,0.000379,3.0517,0.0100
298,190,5041,8471,03:34:13,0.4042,0.0345,11.7,0,0.002413,2.6408,0.0100
299,191,1631,8471,03:34:31,29796.0723,0.0350,852312.2,1,33.361938,21.5781,0.0100
300,191,2689,8471,03:34:34,1255.7672,0.0352,35725.4,1,19.155657,24.8220,0.0100
301,191,2691,8471,03:34:35,24.4010,0.0352,694.1,1,0.293353,25.6770,0.0100
302,191,2692,8471,03:34:35,23435.6152,0.0352,666627.0,1,12.417244,3.5287,0.0100
303,191,2694,8471,03:34:35,10.5293,0.0352,299.4,1,0.070909,56.8683,0.0100
304,191,2695,8471,03:34:35,84585.8906,0.0352,2405030.9,1,2035.172729,26.9272,0.0100
305,191,2725,8471,03:34:35,16.9706,0.0353,480.7,1,0.430783,24.3392,0.0100
306,191,2733,8471,03:34:35,0.5144,0.0354,14.5,0,0.004717,26.5510,0.0100
307,191,2735,8471,03:34:35,0.7283,0.0354,20.5,0,0.004530,2.6430,0.0100
308,192,348,8471,03:34:55,0.9848,0.0351,28.0,0,0.005664,2.7240,0.0100
309,192,4603,8471,03:35:09,468.8864,0.0348,13480.6,1,0.372255,2.6220,0.0100
310,193,7511,8471,03:35:46,830.0541,0.0348,23859.6,1,4.679788,25.6523,0.0100
311,193,7512,8471,03:35:46,1242.2871,0.0348,35709.1,1,3.337604,49.4472,0.0100
312,193,7513,8471,03:35:46,136.2532,0.0348,3916.5,1,3.437791,67.7184,0.0100
313,193,7514,8471,03:35:46,1039.6281,0.0348,29883.7,1,0.335632,24.9387,0.0100
314,193,7515,8471,03:35:46,1.3940,0.0348,40.1,1,0.004663,51.0797,0.0100
315,193,7516,8471,03:35:46,1771.5739,0.0348,50923.2,1,11.256754,67.5200,0.0100
316,193,7530,8471,03:35:46,27.0900,0.0348,778.2,1,0.970568,24.1606,0.0100
317,194,2166,8471,03:35:57,0.6698,0.0345,19.4,0,0.003358,2.6184,0.0100
318,194,3292,8471,03:36:01,0.5492,0.0346,15.9,0,0.004572,2.5753,0.0100
319,195,3455,8471,03:36:29,0.4769,0.0350,13.6,0,0.010402,2.6329,0.0100
320,195,3458,8471,03:36:29,20.7425,0.0350,592.5,1,0.358307,3.3346,0.0100
321,195,3460,8471,03:36:29,17.3408,0.0350,495.0,1,0.207734,46.3572,0.0100
322,195,3465,8471,03:36:29,20.6096,0.0352,585.9,1,0.097047,24.3994,0.0100
323,195,3466,8471,03:36:29,800.1069,0.0352,22747.4,1,15.760815,24.5874,0.0100
324,195,3467,8471,03:36:29,6.4192,0.0352,182.5,1,0.020510,24.2840,0.0100
325,195,8452,8471,03:36:46,1.3049,0.0350,37.3,1,0.006382,2.7576,0.0100
326,197,1893,8471,03:37:20,0.4875,0.0350,13.9,0,0.004636,2.5697,0.0100
327,198,5149,8471,03:37:59,0.5573,0.0346,16.1,0,0.003570,2.7359,0.0100
328,199,3327,8471,03:38:21,0.8090,0.0347,23.3,0,0.007648,2.9660,0.0100
329,199,4126,8471,03:38:24,2.2210,0.0348,63.8,1,0.001197,2.5891,0.0100
330,199,7776,8471,03:38:36,0.6291,0.0347,18.1,0,0.001753,2.5376,0.0100
331,199,7778,8471,03:38:36,0.4162,0.0347,12.0,0,0.005755,2.6793,0.0100
332,199,7780,8471,03:38:36,3.1665,0.0347,91.3,1,0.037865,2.7916,0.0100
333,199,7781,8471,03:38:36,0.4149,0.0347,12.0,0,0.005024,2.6201,0.0100
334,199,7790,8471,03:38:36,1597.8596,0.0347,46000.8,1,12.711548,2.7178,0.0100
335,199,7791,8471,03:38:36,0.8256,0.0347,23.8,0,0.005887,2.6134,0.0100
336,200,7420,8471,03:39:03,3.2225,0.0347,92.9,1,0.004361,2.9843,0.0100
337,202,1898,8471,03:39:42,1025039.8750,0.0347,29572066.1,1,67053.656250,46.0117,0.0100
338,202,1899,8471,03:39:42,49765.1797,0.0347,1435709.2,1,1929.818115,24.3249,0.0100
339,202,1902,8471,03:39:42,188.5521,0.0347,5436.1,1,3.094499,24.1405,0.0100
340,202,1908,8471,03:39:42,37.9167,0.0348,1090.2,1,1.264482,24.1186,0.0100
341,202,1909,8471,03:39:42,10.4109,0.0348,299.3,1,0.236932,24.1613,0.0100
342,202,1910,8471,03:39:42,316.0086,0.0348,9086.1,1,15.329928,76.9077,0.0100
343,202,2845,8471,03:39:45,0.7207,0.0346,20.8,0,0.002871,2.8653,0.0100
344,203,7574,8471,03:40:29,0.7330,0.0343,21.3,0,0.008797,2.6992,0.0100
345,203,7883,8471,03:40:30,0.5127,0.0344,14.9,0,0.002811,2.5125,0.0100
346,205,4987,8471,03:41:17,0.6521,0.0342,19.1,0,0.001902,2.6057,0.0100
347,205,5000,8471,03:41:17,7.0301,0.0342,205.7,1,0.006070,4.1948,0.0100
348,205,5005,8471,03:41:17,135.9797,0.0342,3976.6,1,5.299944,45.9142,0.0100
349,205,5006,8471,03:41:17,11759.4248,0.0342,343896.2,1,346.753418,67.5648,0.0100
350,205,5007,8471,03:41:17,36523.7852,0.0342,1068112.8,1,44.665051,3.6868,0.0100
351,205,5008,8471,03:41:17,6.1223,0.0342,179.0,1,0.007053,45.8688,0.0100
352,205,5011,8471,03:41:17,107331.4141,0.0342,3138499.0,1,1321.666016,67.2508,0.0100
353,205,5012,8471,03:41:17,15660.9189,0.0342,457944.0,1,182.918488,45.9759,0.0100
354,205,5016,8471,03:41:17,0.8130,0.0342,23.8,0,0.004174,2.6491,0.0100
355,206,898,8471,03:41:32,0.9746,0.0343,28.4,0,0.001095,2.5790,0.0100
356,206,5559,8471,03:41:47,21.5513,0.0343,627.6,1,0.005483,8.2326,0.0100
357,207,517,8471,03:41:59,0.4731,0.0352,13.5,0,0.003306,2.5946,0.0100
358,207,6242,8471,03:42:18,0.5810,0.0343,16.9,0,0.005958,2.5728,0.0100
359,207,7088,8471,03:42:20,1.2401,0.0343,36.1,1,0.001614,3.2434,0.0100
360,208,2051,8471,03:42:32,2.0114,0.0343,58.7,1,0.004140,2.5592,0.0100
361,208,2056,8471,03:42:32,5.4163,0.0343,157.9,1,0.030531,24.0837,0.0100
362,208,2057,8471,03:42:32,4.8397,0.0343,141.1,1,0.041555,45.6661,0.0100
363,208,2059,8471,03:42:32,255.0244,0.0343,7434.6,1,9.102335,24.1387,0.0100
364,208,2060,8471,03:42:32,3.3079,0.0343,96.4,1,0.105428,24.0832,0.0100
365,208,2061,8471,03:42:32,0.7316,0.0343,21.3,0,0.007294,2.6220,0.0100
366,208,2064,8471,03:42:32,128.7054,0.0343,3748.8,1,1.009341,24.1748,0.0100
367,208,2076,8471,03:42:32,0.7637,0.0344,22.2,0,0.004127,24.8977,0.0100
368,208,2077,8471,03:42:32,0.6199,0.0344,18.0,0,0.003899,2.5475,0.0100
369,208,2080,8471,03:42:32,0.4560,0.0344,13.2,0,0.010334,24.2089,0.0100
370,208,6742,8471,03:42:48,220.4682,0.0344,6413.4,1,5.614349,45.9970,0.0100
371,208,6752,8471,03:42:48,30.0758,0.0344,874.7,1,0.410229,24.1345,0.0100
372,208,6753,8471,03:42:48,1.5476,0.0344,45.0,1,0.013567,25.0297,0.0100
373,208,6754,8471,03:42:48,1.8531,0.0344,53.9,1,0.015770,24.1374,0.0100
374,209,7999,8471,03:43:20,0.5554,0.0344,16.1,0,0.001255,2.5903,0.0100
375,210,4737,8471,03:43:37,22590.1973,0.0344,657272.6,1,265.437836,24.2003,0.0100
376,210,4738,8471,03:43:37,20711.1367,0.0344,602600.5,1,27.853216,27.5411,0.0100
377,210,4739,8471,03:43:37,36.9474,0.0344,1075.0,1,0.091092,29.7571,0.0100
378,210,5212,8471,03:43:39,0.7075,0.0345,20.5,0,0.003103,2.7318,0.0100
379,210,7636,8471,03:43:47,16.6153,0.0344,483.3,1,0.015773,3.9160,0.0100
380,211,3270,8471,03:44:01,5.4981,0.0342,160.8,1,0.009024,2.5749,0.0100
381,211,6388,8471,03:44:12,1.6871,0.0343,49.2,1,0.002008,2.5666,0.0100
382,212,3220,8471,03:44:29,0.3495,0.0343,10.2,0,0.003369,24.1289,0.0100
383,212,5739,8471,03:44:38,0.8477,0.0342,24.8,0,0.006790,26.2683,0.0100
384,212,6004,8471,03:44:39,0.7512,0.0342,22.0,0,0.003127,2.6717,0.0100
385,213,8461,8471,03:45:15,2.0479,0.0342,59.8,1,0.031705,2.9796,0.0100
386,214,5171,8471,03:45:32,0.5136,0.0341,15.1,0,0.005015,2.6321,0.0100
387,214,5484,8471,03:45:33,0.4198,0.0340,12.3,0,0.002222,2.5683,0.0100
388,215,319,8471,03:45:44,7.8803,0.0358,220.0,1,0.159033,24.1172,0.0100
389,215,2016,8471,03:45:50,1.0237,0.0341,30.0,1,0.005969,2.5860,0.0100
390,215,2723,8471,03:45:52,706.3340,0.0343,20619.1,1,22.055595,24.6270,0.0100
391,215,2724,8471,03:45:52,68.0366,0.0343,1986.1,1,2.152710,25.5480,0.0100
392,215,2725,8471,03:45:52,125.4212,0.0343,3661.3,1,0.118045,24.3609,0.0100
393,215,2726,8471,03:45:52,18.2397,0.0343,532.4,1,0.592161,24.2402,0.0100
394,215,2727,8471,03:45:52,122.4986,0.0343,3575.9,1,2.431854,48.2965,0.0100
395,215,2729,8471,03:45:52,0.4197,0.0343,12.2,0,0.004365,25.2464,0.0100
396,216,3531,8471,03:46:23,0.3903,0.0341,11.4,0,0.004383,2.5656,0.0100
397,216,3573,8471,03:46:24,1.5571,0.0342,45.6,1,0.004129,2.6161,0.0100
398,216,3576,8471,03:46:24,106.5294,0.0342,3115.2,1,1.062752,24.0859,0.0100
399,216,3580,8471,03:46:24,168.7214,0.0342,4927.5,1,1.307682,49.3419,0.0100
400,216,3582,8471,03:46:24,25.2098,0.0342,736.3,1,0.017975,76.3752,0.0100
401,216,3585,8471,03:46:24,83.0363,0.0342,2424.9,1,0.003394,14.9119,0.0100
402,216,3908,8471,03:46:25,2.6918,0.0344,78.4,1,0.015712,24.1587,0.0100
403,217,8221,8471,03:47:07,0.4281,0.0342,12.5,0,0.004174,2.5714,0.0100
404,218,3253,8471,03:47:19,0.7731,0.0341,22.7,0,0.002244,2.5986,0.0100
405,218,4164,8471,03:47:22,0.4391,0.0340,12.9,0,0.001290,2.5587,0.0100
406,218,7211,8471,03:47:33,21.2762,0.0343,621.0,1,0.018113,7.3375,0.0100
407,218,7213,8471,03:47:33,74.0357,0.0343,2160.8,1,1.654441,74.0616,0.0100
408,218,7214,8471,03:47:33,48.9613,0.0343,1429.0,1,0.040653,26.0597,0.0100
409,218,7215,8471,03:47:33,39193.2227,0.0343,1143898.8,1,446.859009,73.0683,0.0100
410,218,7216,8471,03:47:33,1.3924,0.0343,40.6,1,0.019716,157.5965,0.0100
411,218,7217,8471,03:47:33,2.2355,0.0343,65.2,1,0.021344,138.0587,0.0100
412,218,7218,8471,03:47:33,4021.2957,0.0343,117366.1,1,79.110008,225.5718,0.0100
413,218,7219,8471,03:47:33,9607.3369,0.0343,280401.1,1,108.270523,287.7720,0.0100
414,218,7220,8471,03:47:33,886.2501,0.0343,25866.2,1,9.156209,318.7503,0.0100
415,218,7221,8471,03:47:33,19210.2617,0.0343,560673.4,1,420.001312,429.8233,0.0100
416,218,7222,8471,03:47:33,2.3424,0.0343,68.4,1,0.010042,155.5198,0.0100
417,218,7223,8471,03:47:33,1.0177,0.0343,29.7,1,0.013709,244.3249,0.0100
418,218,7224,8471,03:47:33,4.2105,0.0343,122.9,1,0.011458,154.3824,0.0100
419,218,7225,8471,03:47:33,3.3943,0.0343,99.1,1,0.005548,46.0673,0.0100
420,218,7226,8471,03:47:33,2.8474,0.0343,83.1,1,0.007177,3.8915,0.0100
421,219,6474,8471,03:47:59,1.1257,0.0344,32.7,1,0.003639,2.5312,0.0100
422,220,3033,8471,03:48:16,2.3849,0.0342,69.7,1,0.024563,46.3211,0.0100
423,220,3562,8471,03:48:18,0.4888,0.0345,14.2,0,0.003689,2.7460,0.0100
424,220,3628,8471,03:48:18,0.4487,0.0345,13.0,0,0.001646,2.6352,0.0100
425,220,4370,8471,03:48:21,2.2315,0.0345,64.6,1,0.009367,2.5773,0.0100
426,220,4371,8471,03:48:21,6.6570,0.0345,192.8,1,0.013684,2.7060,0.0100
427,220,4372,8471,03:48:21,147.5854,0.0345,4273.5,1,1.656548,76.6179,0.0100
428,220,4373,8471,03:48:21,110.6491,0.0345,3204.0,1,0.043686,77.9126,0.0100
429,220,4374,8471,03:48:21,1.5985,0.0345,46.3,1,0.023587,96.7756,0.0100
430,220,4375,8471,03:48:21,2.0831,0.0345,60.3,1,0.010599,170.2318,0.0100
431,220,4376,8471,03:48:21,1.5758,0.0345,45.6,1,0.014861,161.2084,0.0100
432,220,4377,8471,03:48:21,6.0157,0.0345,174.2,1,0.014949,68.6485,0.0100
433,220,8373,8471,03:48:34,0.9848,0.0343,28.7,0,0.001934,3.0455,0.0100
434,221,1478,8471,03:48:41,0.6837,0.0343,20.0,0,0.004509,2.6023,0.0100
435,222,7334,8471,03:49:28,1.0205,0.0342,29.9,1,0.002968,2.5940,0.0100
436,223,783,8471,03:49:35,0.7183,0.0339,21.2,0,0.002496,2.5315,0.0100
437,223,1113,8471,03:49:36,1.2266,0.0339,36.2,1,0.002385,2.6218,0.0100
438,224,7906,8471,03:50:26,0.4008,0.0345,11.6,0,0.002950,2.5851,0.0100
439,225,476,8471,03:50:30,2.3267,0.0342,68.0,1,0.004615,2.5469,0.0100
440,225,500,8471,03:50:30,0.4067,0.0341,11.9,0,0.005205,2.5636,0.0100
441,225,1674,8471,03:50:34,1.9097,0.0336,56.9,1,0.010147,2.5810,0.0100
442,226,1380,8471,03:51:01,15.1955,0.0342,443.8,1,0.038196,24.1211,0.0100
443,226,1382,8471,03:51:01,154.2385,0.0343,4502.7,1,3.263812,24.1312,0.0100
444,226,1388,8471,03:51:01,2398.1365,0.0343,69889.3,1,6.794072,4.4235,0.0100
445,226,2051,8471,03:51:03,0.6780,0.0348,19.5,0,0.002656,2.5529,0.0100
446,226,7279,8471,03:51:21,8.1124,0.0343,236.5,1,0.127171,2.7334,0.0100
447,227,3823,8471,03:51:37,0.7622,0.0341,22.3,0,0.004664,2.5563,0.0100
448,228,4534,8471,03:52:08,0.4851,0.0342,14.2,0,0.010608,2.5796,0.0100
449,228,4822,8471,03:52:08,3.3870,0.0343,98.8,1,0.083207,24.3578,0.0100
450,228,4832,8471,03:52:09,0.4604,0.0343,13.4,0,0.003643,2.6186,0.0100
451,228,4920,8471,03:52:09,0.3605,0.0343,10.5,0,0.003241,2.5318,0.0100
452,228,7882,8471,03:52:19,0.8227,0.0343,24.0,0,0.003074,2.5621,0.0100
453,229,2608,8471,03:52:29,0.6597,0.0342,19.3,0,0.003209,2.5599,0.0100
454,229,6983,8471,03:52:44,0.4143,0.0344,12.1,0,0.005580,2.5832,0.0100
455,229,7515,8471,03:52:45,28.2805,0.0344,822.0,1,0.113264,2.6125,0.0100
456,230,282,8471,03:52:50,19.0298,0.0344,552.6,1,0.424611,24.1657,0.0100
457,230,286,8471,03:52:50,15116.1982,0.0344,439088.8,1,79.300583,46.0313,0.0100
458,230,298,8471,03:52:50,63.6618,0.0346,1840.3,1,1.074390,45.7639,0.0100
459,231,1376,8471,03:53:22,0.5259,0.0343,15.3,0,0.002931,2.5562,0.0100
460,231,3265,8471,03:53:28,0.7454,0.0342,21.8,0,0.005387,24.3250,0.0100
461,232,2319,8471,03:53:54,0.3472,0.0345,10.1,0,0.001907,2.6608,0.0100
462,232,8096,8471,03:54:13,0.8214,0.0345,23.8,0,0.005155,2.5456,0.0100
463,232,8100,8471,03:54:13,0.8115,0.0345,23.5,0,0.006898,24.0510,0.0100
464,232,8105,8471,03:54:13,396.7184,0.0346,11475.4,1,11.638202,24.3560,0.0100
465,232,8106,8471,03:54:13,9.6758,0.0346,279.9,1,0.315846,24.2413,0.0100
466,232,8110,8471,03:54:13,39.6933,0.0346,1148.0,1,0.366001,24.3716,0.0100
467,232,8111,8471,03:54:13,0.8949,0.0346,25.9,0,0.002225,2.5569,0.0100
468,232,8112,8471,03:54:13,1605.1165,0.0346,46422.1,1,13.947432,45.8012,0.0100
469,233,4449,8471,03:54:29,0.8131,0.0346,23.5,0,0.001429,2.5965,0.0100
470,234,3425,8471,03:54:53,0.6182,0.0344,18.0,0,0.001009,2.5539,0.0100
471,234,7995,8471,03:55:08,0.5087,0.0345,14.8,0,0.004916,2.6084,0.0100
472,235,3212,8471,03:55:21,0.6343,0.0344,18.4,0,0.006392,3.0327,0.0100
473,235,5324,8471,03:55:29,0.5005,0.0344,14.6,0,0.002929,2.5419,0.0100
474,236,3362,8471,03:55:50,54.3305,0.0344,1580.6,1,0.084885,3.4411,0.0100
475,236,3367,8471,03:55:50,486890.9375,0.0344,14133555.7,1,240.082321,12.7721,0.0100
476,236,3368,8471,03:55:50,0.4367,0.0344,12.7,0,0.005775,24.1537,0.0100
477,236,3379,8471,03:55:50,177.8622,0.0347,5125.9,1,0.561185,14.0843,0.0100
478,236,3384,8471,03:55:50,1.1858,0.0347,34.2,1,0.003071,3.1005,0.0100
479,236,3770,8471,03:55:51,0.3549,0.0347,10.2,0,0.000906,2.5155,0.0100
480,236,5815,8471,03:55:58,0.3881,0.0347,11.2,0,0.003055,2.5836,0.0100
481,236,5824,8471,03:55:58,0.5261,0.0347,15.1,0,0.008861,25.6849,0.0100
482,236,7382,8471,03:56:04,0.3910,0.0347,11.3,0,0.004601,2.5434,0.0100
483,237,1752,8471,03:56:13,0.3941,0.0346,11.4,0,0.004755,2.5543,0.0100
484,237,1760,8471,03:56:13,16.3219,0.0346,471.3,1,0.007819,26.8690,0.0100
485,237,7246,8471,03:56:31,1.0922,0.0347,31.5,1,0.004065,2.5590,0.0100
486,238,2013,8471,03:56:42,0.3605,0.0344,10.5,0,0.002758,2.5431,0.0100
487,238,2150,8471,03:56:42,1.4091,0.0345,40.8,1,0.001732,2.5717,0.0100
488,238,3956,8471,03:56:48,0.4563,0.0345,13.2,0,0.000742,2.5860,0.0100
489,238,7502,8471,03:57:00,1.0821,0.0345,31.4,1,0.009231,3.5127,0.0100
490,239,459,8471,03:57:05,0.4363,0.0339,12.9,0,0.001798,2.5643,0.0100
491,239,761,8471,03:57:06,1.0275,0.0336,30.5,1,0.003808,2.5320,0.0100
492,240,1620,8471,03:57:37,70049.8750,0.0349,2006030.4,1,1354.064087,24.1009,0.0100
493,240,1622,8471,03:57:37,367.3225,0.0349,10517.7,1,4.731440,24.1534,0.0100
494,240,1623,8471,03:57:37,20.8747,0.0349,597.7,1,0.114736,45.6337,0.0100
495,240,1626,8471,03:57:37,121.7620,0.0352,3463.6,1,3.145303,89.8253,0.0100
496,240,1628,8471,03:57:37,9.7166,0.0352,276.4,1,0.126813,24.0854,0.0100
497,240,1632,8471,03:57:37,18.5285,0.0353,524.2,1,0.005914,10.4090,0.0100
498,240,6904,8471,03:57:54,0.3573,0.0346,10.3,0,0.002656,2.5299,0.0100
499,240,8022,8471,03:57:58,1.5082,0.0347,43.5,1,0.010093,24.0771,0.0100
500,240,8024,8471,03:57:58,13.0534,0.0347,376.5,1,0.024745,2.6532,0.0100
